Department,Entity,Date of Payment,Expense Type,Expense Area,Supplier,Transaction Number,Amount
Department of Energy and Climate Change,Department of Energy and Climate Change,18-Aug-2011,Project Management Costs (Programme),EMI - ORED,AEA TECHNOLOGY plc,4026076,"12,000.00"
Department of Energy and Climate Change,Department of Energy and Climate Change,01-Aug-2011,Cash Expenditure During the Year - British Energy,Corporate Support & Shared Services - Corporate Support & Shared Services,NUCLEAR DECOMMISSIONING AUTHORITY,4026292,"15,366,283.23"
Department of Energy and Climate Change,Department of Energy and Climate Change,01-Aug-2011,Cash Expenditure During the Year - British Energy,Operations - Finance and Procurement,NUCLEAR DECOMMISSIONING AUTHORITY,4026293,"4,168,030.05"
Department of Energy and Climate Change,Department of Energy and Climate Change,16-Aug-2011,Consultancy Advice Provided From Third Parties,ICCEE - Fuel Poverty & Smart Meters,AMTEC Consulting plc,4026643,"21,510.00"
Department of Energy and Climate Change,Department of Energy and Climate Change,08-Aug-2011,Hire of Agency Staff (Clerical/Secretariat/Other),National Climate Change & Consumer Support - Communications,OFFICE ANGELS LTD,4026716,633.41
Department of Energy and Climate Change,Department of Energy and Climate Change,08-Aug-2011,Hire of Agency Staff (Clerical/Secretariat/Other),National Climate Change & Consumer Support - Communications,OFFICE ANGELS LTD,4026725,645.74
Department of Energy and Climate Change,Department of Energy and Climate Change,02-Aug-2011,Hire of Agency Staff (Professional/Management),Operations - HR,METHODS CONSULTING LTD,4026789,"14,916.00"
Department of Energy and Climate Change,Department of Energy and Climate Change,10-Aug-2011,Professional Training,ICCEE - International Climate Change,PINPOINT FACILITATION LTD,4026836,"2,500.00"
Department of Energy and Climate Change,Department of Energy and Climate Change,02-Aug-2011,External Legal Advice and Services,Operations - Legal,LANDMARK CHAMBERS,4026853,"1,035.00"
Department of Energy and Climate Change,Department of Energy and Climate Change,04-Aug-2011,Other Publication Costs,ICCEE - International Climate Change,ECOFYS GERMANY GMBH,4026857,"19,443.66"
Department of Energy and Climate Change,Department of Energy and Climate Change,11-Aug-2011,Salaries - Permanent (Programme),Energy Markets & Infrastructure - Security and resilience,FOREIGN AND COMMONWEALTH OFFICE (FCO),4026874,"1,523.44"
Department of Energy and Climate Change,Department of Energy and Climate Change,11-Aug-2011,Salaries - Permanent (Programme),Energy Markets & Infrastructure - Security and resilience,FOREIGN AND COMMONWEALTH OFFICE (FCO),4026876,587.99
Department of Energy and Climate Change,Department of Energy and Climate Change,01-Aug-2011,Capital Grants to Private Sector - Not Own Asset Creation,"National Climate Change & Consumer Support - Smart Meters, Distributed Energy and Fuel Poverty",CARILLION ENERGY SERVICES LTD,4026934,"8,040,000.00"
Department of Energy and Climate Change,Department of Energy and Climate Change,09-Aug-2011,Research & Development Expenditure (Programme),Science & Innovation Group - Science & Innovation Group,MET OFFICE,4026946,"1,372,166.60"
Department of Energy and Climate Change,Department of Energy and Climate Change,02-Aug-2011,Grant in Aid - Current -Other,Operations - Nuclear Decommissioning & Security,NUCLEAR DECOMMISSIONING AUTHORITY,4027027,"140,000,000.00"
Department of Energy and Climate Change,Department of Energy and Climate Change,04-Aug-2011,Hire of Agency Staff (Professional/Management),EMI - ORED,ADECCO UK LTD,4027067,568.69
Department of Energy and Climate Change,Department of Energy and Climate Change,04-Aug-2011,Hire of Agency Staff (Professional/Management),EMI - ORED,ADECCO UK LTD,4027069,654.38
Department of Energy and Climate Change,Department of Energy and Climate Change,03-Aug-2011,External Training,Corporate Support & Shared Services - Corporate Support & Shared Services,QA LTD,4027070,"4,530.00"
Department of Energy and Climate Change,Department of Energy and Climate Change,10-Aug-2011,Hire of Agency Staff (Clerical/Secretariat/Other),Operations - Nuclear Decommissioning & Security,BROOK STREET (UK) LTD,4027090,"1,077.24"
Department of Energy and Climate Change,Department of Energy and Climate Change,02-Aug-2011,Research & Development Expenditure (Programme),SEG Including Strategy - Energy Innovation Policy,MET OFFICE,4027108,"84,400.50"
Department of Energy and Climate Change,Department of Energy and Climate Change,31-Aug-2011,Hire of Conference Facilities,EMI - OCCS,DEPARTMENT FOR BUSINESS INNOVATION & SKILLS,4027110,"11,050.00"
Department of Energy and Climate Change,Department of Energy and Climate Change,04-Aug-2011,Telecommunications,Operations - Finance and Procurement,GOVERNMENT PROCUREMENT SERVICE (BUYING SOLUTIONS),4027112,"158,311.60"
Department of Energy and Climate Change,Department of Energy and Climate Change,02-Aug-2011,Hire of Agency Staff (Professional/Management),Corporate Support & Shared Services - Corporate Support & Shared Services,HER MAJESTYS COURTS SERVICE,4027122,"21,105.39"
Department of Energy and Climate Change,Department of Energy and Climate Change,09-Aug-2011,External Training,ICCEE - Heat & Industry,NATIONAL SCHOOL OF GOVERNMENT (CMPS),4027125,"1,820.00"
Department of Energy and Climate Change,Department of Energy and Climate Change,09-Aug-2011,External Training,ICCEE - Heat & Industry,NATIONAL SCHOOL OF GOVERNMENT (CMPS),4027126,910
Department of Energy and Climate Change,Department of Energy and Climate Change,01-Aug-2011,Coal Provision Payments Suspense,Energy Markets & Infrastructure - Energy Development Unit,DECC COAL CENTRAL ACCOUNT,4027130,"100,000.00"
Department of Energy and Climate Change,Department of Energy and Climate Change,01-Aug-2011,Corporate Management Consultancy,ICCEE - Fuel Poverty & Smart Meters,PEOPLE TEAM AND CHANGE SOLUTIONS LTD,4027131,750
Department of Energy and Climate Change,Department of Energy and Climate Change,01-Aug-2011,Hire of Conference Facilities,Operations - Communications,86STJAMES LTD,4027132,533.33
Department of Energy and Climate Change,Department of Energy and Climate Change,01-Aug-2011,ICT Infrastructure Specific Service,Corporate Support & Shared Services - Corporate Support & Shared Services,FUJITSU SERVICES LTD,4027143,"5,725.34"
Department of Energy and Climate Change,Department of Energy and Climate Change,01-Aug-2011,Hire of Agency Staff (Professional/Management),Corporate Support & Shared Services - Corporate Support & Shared Services,NATIONAL AUDIT OFFICE,4027145,"8,247.83"
Department of Energy and Climate Change,Department of Energy and Climate Change,09-Aug-2011,Project Management Costs (Programme),ICCEE - Heat & Industry,BUILDING RESEARCH ESTABLISHMENT LTD (BRE),4027146,"30,000.00"
Department of Energy and Climate Change,Department of Energy and Climate Change,01-Aug-2011,DECC Only  - Shared Services - Professional Services,Corporate Support & Shared Services - Corporate Support & Shared Services,CABINET OFFICE,4027147,"9,325.20"
Department of Energy and Climate Change,Department of Energy and Climate Change,01-Aug-2011,Maintenance of IT Equipment,EMI - Energy Development,ORDNANCE SURVEY,4027153,"20,000.00"
Department of Energy and Climate Change,Department of Energy and Climate Change,02-Aug-2011,Financial Advice and Services,Energy Markets & Infrastructure - DECC Commercial Team,ADAM BOND COMMERCIAL ADVISORY LTD,4027154,"19,750.00"
Department of Energy and Climate Change,Department of Energy and Climate Change,02-Aug-2011,Maintenance of IT Equipment,Energy Markets & Infrastructure - Energy Development Unit,FUJITSU SERVICES LTD,4027155,"1,674.97"
Department of Energy and Climate Change,Department of Energy and Climate Change,02-Aug-2011,Maintenance of IT Equipment,Energy Markets & Infrastructure - Energy Development Unit,FUJITSU SERVICES LTD,4027156,"2,296.38"
Department of Energy and Climate Change,Department of Energy and Climate Change,04-Aug-2011,Standard Desktop Services,Corporate Support & Shared Services - Corporate Support & Shared Services,FUJITSU SERVICES LTD,4027157,"36,357.69"
Department of Energy and Climate Change,Department of Energy and Climate Change,04-Aug-2011,Standard Desktop Services,Corporate Support & Shared Services - Corporate Support & Shared Services,FUJITSU SERVICES LTD,4027158,"21,797.82"
Department of Energy and Climate Change,Department of Energy and Climate Change,04-Aug-2011,Computer Equipment - Clearing,Corporate Support & Shared Services - Corporate Support & Shared Services,FUJITSU SERVICES LTD,4027159,"15,877.26"
Department of Energy and Climate Change,Department of Energy and Climate Change,04-Aug-2011,Standard Desktop Services,Corporate Support & Shared Services - Corporate Support & Shared Services,FUJITSU SERVICES LTD,4027160,"86,124.90"
Department of Energy and Climate Change,Department of Energy and Climate Change,04-Aug-2011,Computer Equipment - Clearing,Corporate Support & Shared Services - Corporate Support & Shared Services,FUJITSU SERVICES LTD,4027161,"7,643.78"
Department of Energy and Climate Change,Department of Energy and Climate Change,04-Aug-2011,Standard Desktop Services,Corporate Support & Shared Services - Corporate Support & Shared Services,FUJITSU SERVICES LTD,4027162,"29,191.04"
Department of Energy and Climate Change,Department of Energy and Climate Change,02-Aug-2011,Consultancy Advice Provided From Third Parties,"National Climate Change & Consumer Support - Smart Meters, Distributed Energy and Fuel Poverty",AMTEC Consulting plc,4027164,"15,300.00"
Department of Energy and Climate Change,Department of Energy and Climate Change,04-Aug-2011,Computer Consumables,Operations - Finance and Procurement,XMA LTD,4027165,"15,342.28"
Department of Energy and Climate Change,Department of Energy and Climate Change,01-Aug-2011,Amount owed by DECC to BIS for recharged services,DECC Central Budgets - DECC Central Budgets,DEPARTMENT FOR BUSINESS INNOVATION & SKILLS,4027166,"98,539.03"
Department of Energy and Climate Change,Department of Energy and Climate Change,01-Aug-2011,Capital Grants - Other,Energy Markets & Infrastructure - Office for Renewable Energy Deployment,BURNTISLAND FABRICATIONS LTD,4027167,"112,500.00"
Department of Energy and Climate Change,Department of Energy and Climate Change,02-Aug-2011,Standard Desktop Services,Corporate Support & Shared Services - Corporate Support & Shared Services,FUJITSU SERVICES LTD,4027168,"165,059.86"
Department of Energy and Climate Change,Department of Energy and Climate Change,01-Aug-2011,Maintenance,DECC Central Budgets - DECC Central Budgets,OVERBURY plc,4027169,"60,150.71"
Department of Energy and Climate Change,Department of Energy and Climate Change,01-Aug-2011,Standard Desktop Services,Corporate Support & Shared Services - Corporate Support & Shared Services,FUJITSU SERVICES LTD,4027170,"3,274.84"
Department of Energy and Climate Change,Department of Energy and Climate Change,01-Aug-2011,External Training,National Climate Change & Consumer Support - Energy Efficiency & Consumers,WAKE UP LTD,4027171,887
Department of Energy and Climate Change,Department of Energy and Climate Change,02-Aug-2011,Standard Desktop Services,Corporate Support & Shared Services - Corporate Support & Shared Services,FUJITSU SERVICES LTD,4027172,"3,118.58"
Department of Energy and Climate Change,Department of Energy and Climate Change,02-Aug-2011,Hire of Agency Staff (Professional/Management),Corporate Support & Shared Services - Corporate Support & Shared Services,MICHAEL PAGE INTERNATIONAL RECRUITMENT LTD,4027175,"2,942.28"
Department of Energy and Climate Change,Department of Energy and Climate Change,02-Aug-2011,Hire of Agency Staff (Professional/Management),Corporate Support & Shared Services - Corporate Support & Shared Services,MICHAEL PAGE INTERNATIONAL RECRUITMENT LTD,4027176,"3,600.00"
Department of Energy and Climate Change,Department of Energy and Climate Change,02-Aug-2011,Mobile Phones,Corporate Support & Shared Services - Corporate Support & Shared Services,FUJITSU SERVICES LTD,4027182,"1,553.31"
Department of Energy and Climate Change,Department of Energy and Climate Change,02-Aug-2011,Standard Desktop Services,Corporate Support & Shared Services - Corporate Support & Shared Services,FUJITSU SERVICES LTD,4027185,986.22
Department of Energy and Climate Change,Department of Energy and Climate Change,04-Aug-2011,Grant in Aid - Current -Other,Energy Markets & Infrastructure - Energy Development Unit,COAL AUTHORITY,4027201,"2,000,000.00"
Department of Energy and Climate Change,Department of Energy and Climate Change,02-Aug-2011,Hire of Agency Staff (Professional/Management),Operations - Finance and Procurement,MILLER & YOUNG UK LTD T/A MYFM,4027212,"6,125.00"
Department of Energy and Climate Change,Department of Energy and Climate Change,08-Aug-2011,Consultancy Advice Provided From Third Parties,"National Climate Change & Consumer Support - Smart Meters, Distributed Energy and Fuel Poverty",AMTEC Consulting plc,4027221,868.77
Department of Energy and Climate Change,Department of Energy and Climate Change,02-Aug-2011,Sponsorship Support,EMI - Energy Development,OPITO LTD (OFFSHORE TRAINING FOUNDATION),4027222,"10,000.00"
Department of Energy and Climate Change,Department of Energy and Climate Change,03-Aug-2011,Hire of Agency Staff (Clerical/Secretariat/Other),Corporate Support & Shared Services - Corporate Support & Shared Services,ADECCO UK LTD,4027226,645.12
Department of Energy and Climate Change,Department of Energy and Climate Change,02-Aug-2011,Capital Grants - Other,Energy Markets & Infrastructure - Energy Development Unit,UNIVERSITY OF ABERDEEN,4027230,"46,514.63"
Department of Energy and Climate Change,Department of Energy and Climate Change,02-Aug-2011,Hire of Agency Staff (Professional/Management),DECC Private Office Group - DECC Private Office Group,ADECCO UK LTD,4027231,834.62
Department of Energy and Climate Change,Department of Energy and Climate Change,02-Aug-2011,Hire of Agency Staff (Professional/Management),DECC Private Office Group - DECC Private Office Group,ADECCO UK LTD,4027232,591.19
Department of Energy and Climate Change,Department of Energy and Climate Change,03-Aug-2011,Research & Development Expenditure (Programme),Operations - Economics,MET OFFICE,4027235,"2,170.00"
Department of Energy and Climate Change,Department of Energy and Climate Change,03-Aug-2011,External Training,Operations - HR,DYNAMIC LEARNING SOLUTIONS LTD,4027236,"1,248.00"
Department of Energy and Climate Change,Department of Energy and Climate Change,02-Aug-2011,Grants - Current - Other,National Climate Change & Consumer Support - Energy Efficiency & Consumers,THE CARBON TRUST,4027237,"1,266,583.00"
Department of Energy and Climate Change,Department of Energy and Climate Change,02-Aug-2011,Outsourced Technical Support (Programme),"National Climate Change & Consumer Support - Smart Meters, Distributed Energy and Fuel Poverty",PA CONSULTING GROUP LTD,4027240,"21,420.00"
Department of Energy and Climate Change,Department of Energy and Climate Change,02-Aug-2011,Outsourced Technical Support (Programme),"National Climate Change & Consumer Support - Smart Meters, Distributed Energy and Fuel Poverty",PA CONSULTING GROUP LTD,4027243,"22,800.00"
Department of Energy and Climate Change,Department of Energy and Climate Change,04-Aug-2011,Consultancy Advice Provided From Third Parties,"National Climate Change & Consumer Support - Smart Meters, Distributed Energy and Fuel Poverty",QUO IMUS LTD T/A QI CONSULTING,4027244,"27,834.48"
Department of Energy and Climate Change,Department of Energy and Climate Change,02-Aug-2011,Catering Services,Operations - Communications,MEG HINDLE T/A ASPECTS - FOOD BY DESIGN,4027245,"1,143.00"
Department of Energy and Climate Change,Department of Energy and Climate Change,03-Aug-2011,Consultancy Advice Provided From Third Parties,"National Climate Change & Consumer Support - Smart Meters, Distributed Energy and Fuel Poverty",BADENOCH AND CLARK LTD,4027247,"2,821.50"
Department of Energy and Climate Change,Department of Energy and Climate Change,03-Aug-2011,Professional Subscriptions,Operations - HR,BRITISH SAFETY COUNCIL,4027249,795.6
Department of Energy and Climate Change,Department of Energy and Climate Change,05-Aug-2011,Recruitment Consultancy Costs,Operations - Nuclear Decommissioning & Security,SAXTON BAMPFYLDE HEVER LTD,4027251,"5,000.00"
Department of Energy and Climate Change,Department of Energy and Climate Change,05-Aug-2011,Recruitment Consultancy Costs,Operations - Nuclear Decommissioning & Security,SAXTON BAMPFYLDE HEVER LTD,4027252,"1,225.00"
Department of Energy and Climate Change,Department of Energy and Climate Change,05-Aug-2011,Recruitment Consultancy Costs,Operations - Nuclear Decommissioning & Security,SAXTON BAMPFYLDE HEVER LTD,4027253,"5,000.00"
Department of Energy and Climate Change,Department of Energy and Climate Change,03-Aug-2011,Consultancy Advice Provided From Third Parties,"National Climate Change & Consumer Support - Smart Meters, Distributed Energy and Fuel Poverty",GREEN PARK INTERIM & EXECUTIVE LTD,4027257,"20,179.94"
Department of Energy and Climate Change,Department of Energy and Climate Change,03-Aug-2011,Economic Consultancy & Research,Energy Markets & Infrastructure - Office for Renewable Energy Deployment,THE NATIONAL NON-FOOD CROPS CENTRE,4027261,"171,500.00"
Department of Energy and Climate Change,Department of Energy and Climate Change,03-Aug-2011,Hire of Agency Staff (Clerical/Secretariat/Other),DECC Private Office Group - DECC Private Office Group,MANPOWER UK LTD,4027262,"1,058.51"
Department of Energy and Climate Change,Department of Energy and Climate Change,03-Aug-2011,External Training,Operations - HR,SAVILLE CONSULTING UK LTD,4027263,"9,000.00"
Department of Energy and Climate Change,Department of Energy and Climate Change,03-Aug-2011,Recruitment Consultancy Costs,ICCEE - Office of National Energy Efficiency,SAXTON BAMPFYLDE HEVER LTD,4027265,"6,750.00"
Department of Energy and Climate Change,Department of Energy and Climate Change,03-Aug-2011,Hire of Agency Staff (Clerical/Secretariat/Other),National Climate Change & Consumer Support - Communications,XCHANGETEAM GROUP LTD,4027266,824.16
Department of Energy and Climate Change,Department of Energy and Climate Change,05-Aug-2011,Other Staff Costs (Programme),"National Climate Change & Consumer Support - Smart Meters, Distributed Energy and Fuel Poverty",ADECCO UK LTD,4027267,797.16
Department of Energy and Climate Change,Department of Energy and Climate Change,03-Aug-2011,Hire of Agency Staff (Clerical/Secretariat/Other),National Climate Change & Consumer Support - Communications,XCHANGETEAM GROUP LTD,4027268,883.8
Department of Energy and Climate Change,Department of Energy and Climate Change,03-Aug-2011,International Subscriptions,Energy & Climate Change International - International Climate Change Negotiations,OECD,4027269,"27,000.00"
Department of Energy and Climate Change,Department of Energy and Climate Change,03-Aug-2011,Capital Grants to Private Sector - Not Own Asset Creation,ICCEE - Fuel Poverty & Smart Meters,NATIONAL ENERGY ACTION (NEA),4027270,"59,804.11"
Department of Energy and Climate Change,Department of Energy and Climate Change,08-Aug-2011,Project Management Costs (Programme),ICCEE - Fuel Poverty & Smart Meters,PARITY RESOURCES LTD,4027271,"1,665.00"
Department of Energy and Climate Change,Department of Energy and Climate Change,04-Aug-2011,Car Hire and Leasing,Private Office - Private Office,GREEN TOMATO CARS LTD,4027273,"3,232.66"
Department of Energy and Climate Change,Department of Energy and Climate Change,04-Aug-2011,Application Support Service,Operations - Finance and Procurement,PARITY RESOURCES LTD,4027274,"1,266.88"
Department of Energy and Climate Change,Department of Energy and Climate Change,04-Aug-2011,Maintenance of IT Equipment,National Climate Change & Consumer Support - National Climate Change,AMTEC Consulting plc,4027279,"10,000.00"
Department of Energy and Climate Change,Department of Energy and Climate Change,04-Aug-2011,Maintenance of IT Equipment,National Climate Change & Consumer Support - National Climate Change,AMTEC Consulting plc,4027280,"18,476.29"
Department of Energy and Climate Change,Department of Energy and Climate Change,04-Aug-2011,Maintenance of IT Equipment,National Climate Change & Consumer Support - National Climate Change,AMTEC Consulting plc,4027284,"7,543.97"
Department of Energy and Climate Change,Department of Energy and Climate Change,09-Aug-2011,External Training,Operations - HR,ILX GROUP PLC,4027285,"3,000.00"
Department of Energy and Climate Change,Department of Energy and Climate Change,04-Aug-2011,Hire of Conference Facilities,EMI - Energy Strategy & Futures/Electricity Market Reform,WALLACESPACE LTD,4027286,"1,072.00"
Department of Energy and Climate Change,Department of Energy and Climate Change,04-Aug-2011,Hire of Conference Facilities,EMI - Commercial,THE ROYAL SOCIETY,4027287,"2,125.00"
Department of Energy and Climate Change,Department of Energy and Climate Change,04-Aug-2011,Local IT Maintenance & Support,Corporate Support & Shared Services - Corporate Support & Shared Services,FAIR ISAAC SERVICES LTD,4027288,"2,310.00"
Department of Energy and Climate Change,Department of Energy and Climate Change,04-Aug-2011,Rates,Operations - Finance and Procurement,DTZ DEBENHAM TIE LEUNG,4027289,"69,841.06"
Department of Energy and Climate Change,Department of Energy and Climate Change,05-Aug-2011,Rates,Operations - Finance and Procurement,WESTMINSTER CITY COUNCIL,4027291,"11,143.94"
Department of Energy and Climate Change,Department of Energy and Climate Change,04-Aug-2011,Hire of Conference Facilities (Programme),ICCEE - Fuel Poverty & Smart Meters,IET SERVICES LTD T/A THE INSTITUTION OF ENGINEERING AND TECHNOLOGY,4027295,"2,298.00"
Department of Energy and Climate Change,Department of Energy and Climate Change,05-Aug-2011,Rates,Operations - Finance and Procurement,WESTMINSTER CITY COUNCIL,4027296,"119,573.06"
Department of Energy and Climate Change,Department of Energy and Climate Change,05-Aug-2011,External Training,Operations - HR,ASSOCIATION FOR PROJECT MANAGEMENT,4027298,"1,747.00"
Department of Energy and Climate Change,Department of Energy and Climate Change,04-Aug-2011,Consultancy Advice Provided From Third Parties,"National Climate Change & Consumer Support - Smart Meters, Distributed Energy and Fuel Poverty",DELOITTE LLP,4027302,"9,640.00"
Department of Energy and Climate Change,Department of Energy and Climate Change,04-Aug-2011,Consultancy Advice Provided From Third Parties,"National Climate Change & Consumer Support - Smart Meters, Distributed Energy and Fuel Poverty",DELOITTE LLP,4027303,"9,640.00"
Department of Energy and Climate Change,Department of Energy and Climate Change,04-Aug-2011,Consultancy Advice Provided From Third Parties,"National Climate Change & Consumer Support - Smart Meters, Distributed Energy and Fuel Poverty",DELOITTE LLP,4027304,"9,640.00"
Department of Energy and Climate Change,Department of Energy and Climate Change,04-Aug-2011,Consultancy Advice Provided From Third Parties,"National Climate Change & Consumer Support - Smart Meters, Distributed Energy and Fuel Poverty",DELOITTE LLP,4027305,"9,640.00"
Department of Energy and Climate Change,Department of Energy and Climate Change,04-Aug-2011,External Legal Advice and Services,EMI - Energy Strategy & Futures/Electricity Market Reform,SLAUGHTER AND MAY,4027307,"87,479.11"
Department of Energy and Climate Change,Department of Energy and Climate Change,04-Aug-2011,Hire of Agency Staff (Clerical/Secretariat/Other),National Climate Change & Consumer Support - Communications,OFFICE ANGELS LTD,4027308,686.87
Department of Energy and Climate Change,Department of Energy and Climate Change,04-Aug-2011,Minor Works,Corporate Support & Shared Services - Corporate Support & Shared Services,SOUTHERN ELECTRIC CONTRACTING LTD,4027309,"7,716.85"
Department of Energy and Climate Change,Department of Energy and Climate Change,04-Aug-2011,Research & Development Expenditure (Programme),Science & Innovation Group - Science & Innovation Group,ECOFYS UK LTD,4027313,"59,387.78"
Department of Energy and Climate Change,Department of Energy and Climate Change,04-Aug-2011,Consultancy Advice Provided From Third Parties,"National Climate Change & Consumer Support - Smart Meters, Distributed Energy and Fuel Poverty",AMTEC Consulting plc,4027314,"23,900.00"
Department of Energy and Climate Change,Department of Energy and Climate Change,04-Aug-2011,Consultancy Advice Provided From Third Parties,"National Climate Change & Consumer Support - Smart Meters, Distributed Energy and Fuel Poverty",AMTEC Consulting plc,4027315,"10,976.80"
Department of Energy and Climate Change,Department of Energy and Climate Change,04-Aug-2011,Hire of Agency Staff (Clerical/Secretariat/Other),Corporate Support & Shared Services - Corporate Support & Shared Services,OFFICE ANGELS LTD,4027323,906.73
Department of Energy and Climate Change,Department of Energy and Climate Change,05-Aug-2011,Hire of Agency Staff (Clerical/Secretariat/Other),Energy Markets & Infrastructure - Office of Nuclear Development,OFFICE ANGELS LTD,4027324,616.96
Department of Energy and Climate Change,Department of Energy and Climate Change,04-Aug-2011,Hire of Agency Staff (Clerical/Secretariat/Other),National Climate Change & Consumer Support - Communications,OFFICE ANGELS LTD,4027327,629.29
Department of Energy and Climate Change,Department of Energy and Climate Change,05-Aug-2011,Other Staff Costs (Programme),"National Climate Change & Consumer Support - Smart Meters, Distributed Energy and Fuel Poverty",ADECCO UK LTD,4027329,916.74
Department of Energy and Climate Change,Department of Energy and Climate Change,04-Aug-2011,Hire of Agency Staff (Clerical/Secretariat/Other),EMI - Energy Strategy & Futures/Electricity Market Reform,ADECCO UK LTD,4027330,741.46
Department of Energy and Climate Change,Department of Energy and Climate Change,04-Aug-2011,Hire of Agency Staff (Clerical/Secretariat/Other),EMI - Energy Strategy & Futures/Electricity Market Reform,ADECCO UK LTD,4027331,668.29
Department of Energy and Climate Change,Department of Energy and Climate Change,04-Aug-2011,Hire of Agency Staff (Clerical/Secretariat/Other),Corporate Support & Shared Services - Corporate Support & Shared Services,ADECCO UK LTD,4027332,657.22
Department of Energy and Climate Change,Department of Energy and Climate Change,04-Aug-2011,External Training,Operations - Finance and Procurement,FOCUS PROJECT MANAGEMENT (EUROPE) LTD T/A FOCUS ON TRAINING,4027334,"1,695.00"
Department of Energy and Climate Change,Department of Energy and Climate Change,04-Aug-2011,External Legal Advice,Energy Markets & Infrastructure - DECC Commercial Team,FRESHFIELDS BRUCKHAUS DERINGER,4027335,"59,760.74"
Department of Energy and Climate Change,Department of Energy and Climate Change,04-Aug-2011,External Training,EMI - Energy Strategy & Futures/Electricity Market Reform,MARKETFORCE BUSINESS MEDIA LTD,4027336,625.5
Department of Energy and Climate Change,Department of Energy and Climate Change,09-Aug-2011,Computer Consumables,Operations - Finance and Procurement,XMA LTD,4027338,"3,466.80"
Department of Energy and Climate Change,Department of Energy and Climate Change,05-Aug-2011,Contributions (Programme),ICCEE - International Climate Change,MINISTRY OF DEFENCE,4027344,"20,000.00"
Department of Energy and Climate Change,Department of Energy and Climate Change,05-Aug-2011,Legal Services and Advice Agency,EMI - OND,INDECS CONSULTING LTD,4027348,"12,000.00"
Department of Energy and Climate Change,Department of Energy and Climate Change,05-Aug-2011,Hire of Agency Staff (Professional/Management),Private Office - Private Office,BROOK STREET (UK) LTD,4027349,534.1
Department of Energy and Climate Change,Department of Energy and Climate Change,10-Aug-2011,Hire of Agency Staff (Clerical/Secretariat/Other),Operations - Nuclear Decommissioning & Security,BROOK STREET (UK) LTD,4027351,"1,111.62"
Department of Energy and Climate Change,Department of Energy and Climate Change,05-Aug-2011,Hire of Agency Staff (Clerical/Secretariat/Other),Corporate Support & Shared Services - Corporate Support & Shared Services,BROOK STREET (UK) LTD,4027352,704.16
Department of Energy and Climate Change,Department of Energy and Climate Change,05-Aug-2011,Other Staff Costs (Programme),ICCEE - Fuel Poverty & Smart Meters,BROOK STREET (UK) LTD,4027353,523.32
Department of Energy and Climate Change,Department of Energy and Climate Change,05-Aug-2011,Other Staff Costs (Programme),ICCEE - Fuel Poverty & Smart Meters,BROOK STREET (UK) LTD,4027354,538.27
Department of Energy and Climate Change,Department of Energy and Climate Change,05-Aug-2011,Other Staff Costs (Programme),ICCEE - Fuel Poverty & Smart Meters,BROOK STREET (UK) LTD,4027355,613.03
Department of Energy and Climate Change,Department of Energy and Climate Change,09-Aug-2011,Economic Consultancy & Research,EMI - Energy Strategy & Futures/Electricity Market Reform,POYRY MANAGEMENT CONSULTING (UK) LTD,4027356,"35,888.33"
Department of Energy and Climate Change,Department of Energy and Climate Change,05-Aug-2011,Other Staff Costs (Programme),ICCEE - Fuel Poverty & Smart Meters,BROOK STREET (UK) LTD,4027357,613.03
Department of Energy and Climate Change,Department of Energy and Climate Change,16-Aug-2011,Project Management Costs (Programme),ICCEE - Fuel Poverty & Smart Meters,ERNST & YOUNG LLP,4027360,"97,649.00"
Department of Energy and Climate Change,Department of Energy and Climate Change,16-Aug-2011,Project Management Costs (Programme),ICCEE - Fuel Poverty & Smart Meters,ERNST & YOUNG LLP,4027361,"170,035.00"
Department of Energy and Climate Change,Department of Energy and Climate Change,09-Aug-2011,Hire of Agency Staff (Professional/Management),ICCEE - Heat & Industry,MORGAN HUNT UK LTD,4027362,"1,689.06"
Department of Energy and Climate Change,Department of Energy and Climate Change,08-Aug-2011,Hire of Agency Staff (Clerical/Secretariat/Other),Corporate Support & Shared Services - Corporate Support & Shared Services,ADECCO UK LTD,4027367,653.18
Department of Energy and Climate Change,Department of Energy and Climate Change,05-Aug-2011,Outsourced Programme Management Services,"National Climate Change & Consumer Support - Smart Meters, Distributed Energy and Fuel Poverty",EVOLVE BUSINESS CONSULTANCY LTD,4027368,"1,161.60"
Department of Energy and Climate Change,Department of Energy and Climate Change,12-Aug-2011,Publications,EMI - Energy Strategy & Futures/Electricity Market Reform,COI COMMUNICATIONS,4027369,"27,188.75"
Department of Energy and Climate Change,Department of Energy and Climate Change,08-Aug-2011,Outsourced Programme Management Services,"National Climate Change & Consumer Support - Smart Meters, Distributed Energy and Fuel Poverty",EVOLVE BUSINESS CONSULTANCY LTD,4027370,744.55
Department of Energy and Climate Change,Department of Energy and Climate Change,05-Aug-2011,Outsourced Programme Management Services,"National Climate Change & Consumer Support - Smart Meters, Distributed Energy and Fuel Poverty",EVOLVE BUSINESS CONSULTANCY LTD,4027372,"2,054.40"
Department of Energy and Climate Change,Department of Energy and Climate Change,09-Aug-2011,Technical Advice,EMI - OCCS,POYRY MANAGEMENT CONSULTING (UK) LTD,4027373,"38,564.32"
Department of Energy and Climate Change,Department of Energy and Climate Change,05-Aug-2011,Outsourced Programme Management Services,"National Climate Change & Consumer Support - Smart Meters, Distributed Energy and Fuel Poverty",EVOLVE BUSINESS CONSULTANCY LTD,4027374,"1,092.49"
Department of Energy and Climate Change,Department of Energy and Climate Change,05-Aug-2011,Technical Advice,Energy Markets & Infrastructure - DECC Commercial Team,GREEN PARK INTERIM & EXECUTIVE LTD,4027375,"25,300.00"
Department of Energy and Climate Change,Department of Energy and Climate Change,08-Aug-2011,Technical Advice,Energy Markets & Infrastructure - DECC Commercial Team,KPMG LLP,4027376,"48,073.62"
Department of Energy and Climate Change,Department of Energy and Climate Change,05-Aug-2011,IT Maintenance and Management Services,Energy Markets & Infrastructure - Energy Development Unit,COLLABRO,4027377,"18,850.70"
Department of Energy and Climate Change,Department of Energy and Climate Change,05-Aug-2011,Cash Expenditure during the Year - COPD,EMI - Energy Development,THOMPSONS,4027379,"23,700.00"
Department of Energy and Climate Change,Department of Energy and Climate Change,08-Aug-2011,Media Services,National Climate Change & Consumer Support - Communications,PRECISE MEDIA MONITORING LTD,4027382,"3,007.04"
Department of Energy and Climate Change,Department of Energy and Climate Change,08-Aug-2011,Outsourced Technical Support (Programme),Energy Markets & Infrastructure - Security and resilience,DSTL,4027383,"24,378.00"
Department of Energy and Climate Change,Department of Energy and Climate Change,08-Aug-2011,Cash Expenditure during the Year - Other Health Related Provisions,Energy Markets & Infrastructure - Energy Development Unit,MILLS & REEVE,4027384,"33,839.01"
Department of Energy and Climate Change,Department of Energy and Climate Change,09-Aug-2011,Secondees (not paid directly),EMI - Energy Strategy & Futures/Electricity Market Reform,OFFICE OF GAS AND ELECTRICITY MARKETS [OFGEM],4027386,"4,783.59"
Department of Energy and Climate Change,Department of Energy and Climate Change,08-Aug-2011,Secondees (not paid directly),Science & Innovation Group - Science & Innovation Group,IBM UNITED KINGDOM LTD,4027387,"3,466.64"
Department of Energy and Climate Change,Department of Energy and Climate Change,24-Aug-2011,Consultancy Advice Provided From Third Parties,ICCEE - Fuel Poverty & Smart Meters,NETWORKERS RECRUITMENT SERVICES LTD T/A NETWORKERS INTERNATIONAL PLC,4027394,"19,434.45"
Department of Energy and Climate Change,Department of Energy and Climate Change,09-Aug-2011,Consultancy Advice Provided From Third Parties,ICCEE - Fuel Poverty & Smart Meters,NETWORKERS RECRUITMENT SERVICES LTD T/A NETWORKERS INTERNATIONAL PLC,4027395,"20,800.10"
Department of Energy and Climate Change,Department of Energy and Climate Change,08-Aug-2011,Capital Grants to Private Sector - Not Own Asset Creation,Science & Innovation Group - Science & Innovation Group,LONDON BUSES SERVICES LTD,4027399,"67,855.00"
Department of Energy and Climate Change,Department of Energy and Climate Change,08-Aug-2011,External Training,Operations - HR,BIP SOLUTIONS LTD,4027403,"9,133.00"
Department of Energy and Climate Change,Department of Energy and Climate Change,08-Aug-2011,Administration of Grants and Awards,Energy Markets & Infrastructure - Energy Development Unit,NATURAL ENVIRONMENT RESEARCH COUNCIL,4027404,"15,953.00"
Department of Energy and Climate Change,Department of Energy and Climate Change,09-Aug-2011,Capital Grants to Private Sector - Own Asset Creation,EMI - ORED,AEA TECHNOLOGY plc,4027406,"43,753.00"
Department of Energy and Climate Change,Department of Energy and Climate Change,09-Aug-2011,Capital Grants to Private Sector - Own Asset Creation,EMI - ORED,AEA TECHNOLOGY plc,4027407,"20,195.21"
Department of Energy and Climate Change,Department of Energy and Climate Change,08-Aug-2011,Recoveries Account,Corporate Payments - ,DEPARTMENT FOR TRANSPORT,4027408,744.88
Department of Energy and Climate Change,Department of Energy and Climate Change,09-Aug-2011,Outsourced Programme Management Services,ICCEE - Heat & Industry,AEA TECHNOLOGY plc,4027411,"73,131.04"
Department of Energy and Climate Change,Department of Energy and Climate Change,09-Aug-2011,Hire of Agency Staff (Professional/Management),Operations - Finance and Procurement,MICHAEL PAGE INTERNATIONAL RECRUITMENT LTD,4027412,"3,600.00"
Department of Energy and Climate Change,Department of Energy and Climate Change,08-Aug-2011,Research & Development Expenditure (Programme),SEG Including Strategy - Energy Innovation Policy,CAMBRIDGE ARCHITECTURAL RESEARCH LTD,4027413,"99,075.00"
Department of Energy and Climate Change,Department of Energy and Climate Change,09-Aug-2011,Standard Desktop Services,Operations - Finance and Procurement,FUJITSU SERVICES LTD,4027414,"1,682.42"
Department of Energy and Climate Change,Department of Energy and Climate Change,11-Aug-2011,ICT Infrastructure Specific Service,Operations - Finance and Procurement,FUJITSU SERVICES LTD,4027415,"2,227.91"
Department of Energy and Climate Change,Department of Energy and Climate Change,09-Aug-2011,Standard Desktop Services,Operations - Finance and Procurement,FUJITSU SERVICES LTD,4027416,"4,333.74"
Department of Energy and Climate Change,Department of Energy and Climate Change,10-Aug-2011,Standard Desktop Services,Operations - Finance and Procurement,FUJITSU SERVICES LTD,4027417,"22,667.15"
Department of Energy and Climate Change,Department of Energy and Climate Change,08-Aug-2011,Sponsorship Support,EMI - Energy Development,THE TECHNOLOGY STRATEGY BOARD,4027418,"15,000.00"
Department of Energy and Climate Change,Department of Energy and Climate Change,11-Aug-2011,Hire of Agency Staff (Professional/Management),Operations - Finance and Procurement,PARITY RESOURCES LTD,4027422,"18,720.00"
Department of Energy and Climate Change,Department of Energy and Climate Change,09-Aug-2011,Outsourced Programme Management Services,EMI - Energy Development,SENERGY (GB) LTD,4027425,"2,062.46"
Department of Energy and Climate Change,Department of Energy and Climate Change,09-Aug-2011,IT Software Licences,SEG Including Strategy - Energy Innovation Policy,PALISADE EUROPE UK LTD,4027426,597
Department of Energy and Climate Change,Department of Energy and Climate Change,09-Aug-2011,Hire of Agency Staff (Professional/Management),Operations - Finance and Procurement,MICHAEL PAGE INTERNATIONAL RECRUITMENT LTD,4027427,"2,648.05"
Department of Energy and Climate Change,Department of Energy and Climate Change,09-Aug-2011,Finance Training,EMI - OCCS,CIPFA BUSINESS LTD,4027429,"7,381.72"
Department of Energy and Climate Change,Department of Energy and Climate Change,22-Aug-2011,Research & Development Expenditure (Programme),ICCEE - International Climate Change,INTERNATIONAL INSTITUTE FOR APPLIED SYSTEMS ANALYSIS (IIASA),4027430,"44,748.21"
Department of Energy and Climate Change,Department of Energy and Climate Change,09-Aug-2011,External Training,Operations - HR,ILX GROUP PLC,4027431,750
Department of Energy and Climate Change,Department of Energy and Climate Change,09-Aug-2011,Printing,Operations - Finance and Procurement,STAIRWAY COMMUNICATIONS LTD,4027432,"10,103.00"
Department of Energy and Climate Change,Department of Energy and Climate Change,11-Aug-2011,Hire of Agency Staff (Clerical/Secretariat/Other),Private Office - Private Office,Reed Personnel Services Ltd,4027435,545.62
Department of Energy and Climate Change,Department of Energy and Climate Change,09-Aug-2011,Other Media Costs,Operations - Economics,PROMOTIONAL LOGISTICS LTD,4027437,876.22
Department of Energy and Climate Change,Department of Energy and Climate Change,12-Aug-2011,Maintenance of IT Equipment,ICCEE - Heat & Industry,AMTEC Consulting plc,4027440,"4,256.70"
Department of Energy and Climate Change,Department of Energy and Climate Change,11-Aug-2011,Other Accommodation Charges,Operations - Finance and Procurement,APPLEYARDS LTD,4027441,"1,250.00"
Department of Energy and Climate Change,Department of Energy and Climate Change,12-Aug-2011,Maintenance of IT Equipment,ICCEE - Heat & Industry,AMTEC Consulting plc,4027443,610.31
Department of Energy and Climate Change,Department of Energy and Climate Change,11-Aug-2011,External Training,Operations - HR,QA LTD,4027444,"8,025.00"
Department of Energy and Climate Change,Department of Energy and Climate Change,15-Aug-2011,Maintenance of IT Equipment,ICCEE - Heat & Industry,AMTEC Consulting plc,4027445,"3,785.57"
Department of Energy and Climate Change,Department of Energy and Climate Change,12-Aug-2011,Admin Grant to Energy Saving Trust,ICCEE - Green Deal,THE ENERGY SAVING TRUST LTD,4027447,"188,868.00"
Department of Energy and Climate Change,Department of Energy and Climate Change,11-Aug-2011,External Training,Operations - Communications,COI COMMUNICATIONS,4027448,"3,200.00"
Department of Energy and Climate Change,Department of Energy and Climate Change,15-Aug-2011,IT Software Licences,SEG Including Strategy - Energy Innovation Policy,PARAGON DECISION TECHNOLOGY B.V,4027449,"3,069.15"
Department of Energy and Climate Change,Department of Energy and Climate Change,10-Aug-2011,Technical Advice,ICCEE - Heat & Industry,AEA TECHNOLOGY plc,4027450,"24,084.00"
Department of Energy and Climate Change,Department of Energy and Climate Change,22-Aug-2011,Outsourced Programme Management Services,ICCEE - Fuel Poverty & Smart Meters,EVOLVE BUSINESS CONSULTANCY LTD,4027451,"4,270.91"
Department of Energy and Climate Change,Department of Energy and Climate Change,22-Aug-2011,Outsourced Programme Management Services,ICCEE - Fuel Poverty & Smart Meters,EVOLVE BUSINESS CONSULTANCY LTD,4027452,"19,926.96"
Department of Energy and Climate Change,Department of Energy and Climate Change,22-Aug-2011,Outsourced Programme Management Services,ICCEE - Fuel Poverty & Smart Meters,EVOLVE BUSINESS CONSULTANCY LTD,4027453,"1,613.15"
Department of Energy and Climate Change,Department of Energy and Climate Change,10-Aug-2011,Outsourced Technical Support (Programme),EMI - OCCS,GREEN PARK INTERIM & EXECUTIVE LTD,4027455,"10,097.99"
Department of Energy and Climate Change,Department of Energy and Climate Change,10-Aug-2011,Outsourced Technical Support (Programme),EMI - OCCS,GREEN PARK INTERIM & EXECUTIVE LTD,4027456,"8,810.00"
Department of Energy and Climate Change,Department of Energy and Climate Change,11-Aug-2011,Payments to Treasury Solicitors and Treasury Counsel,Operations - Legal,THE TREASURY SOLICITORS DEPARTMENT,4027458,"12,780.50"
Department of Energy and Climate Change,Department of Energy and Climate Change,10-Aug-2011,Technical Advice / Services & Support,Operations - Finance and Procurement,HITACHI CONSULTING UK LTD,4027462,"3,700.00"
Department of Energy and Climate Change,Department of Energy and Climate Change,10-Aug-2011,Technical Advice / Services & Support,Operations - Finance and Procurement,HITACHI CONSULTING UK LTD,4027464,"3,630.00"
Department of Energy and Climate Change,Department of Energy and Climate Change,10-Aug-2011,Grant in Aid - Current -Other,SEG Including Strategy - Strategy Inc Committee on Climate Change,THE COMMITTEE ON CLIMATE CHANGE,4027465,"513,373.00"
Department of Energy and Climate Change,Department of Energy and Climate Change,10-Aug-2011,Hire of Agency Staff (Clerical/Secretariat/Other),Operations - Communications,XCHANGETEAM GROUP LTD,4027466,883.8
Department of Energy and Climate Change,Department of Energy and Climate Change,10-Aug-2011,Hire of Agency Staff (Clerical/Secretariat/Other),Operations - Communications,XCHANGETEAM GROUP LTD,4027468,707.04
Department of Energy and Climate Change,Department of Energy and Climate Change,11-Aug-2011,Car Hire and Leasing,Private Office - Private Office,GREEN TOMATO CARS LTD,4027469,"2,668.78"
Department of Energy and Climate Change,Department of Energy and Climate Change,11-Aug-2011,Car Hire and Leasing,Private Office - Private Office,GREEN TOMATO CARS LTD,4027470,"1,749.71"
Department of Energy and Climate Change,Department of Energy and Climate Change,11-Aug-2011,Research & Development Expenditure (Programme),ICCEE - Heat & Industry,MARKET OPINION RESEARCH INTERNATIONAL LTD T/A IPSOS MORI,4027473,"15,113.00"
Department of Energy and Climate Change,Department of Energy and Climate Change,10-Aug-2011,Technical Support,Operations - Nuclear Decommissioning & Security,HEALTH & SAFETY EXECUTIVE,4027474,"18,952.68"
Department of Energy and Climate Change,Department of Energy and Climate Change,11-Aug-2011,Secondees (not paid directly),EMI - Energy Strategy & Futures/Electricity Market Reform,BRIGHT FUTURES (NZ) LTD,4027483,"12,942.00"
Department of Energy and Climate Change,Department of Energy and Climate Change,11-Aug-2011,Hire of Agency Staff (Clerical/Secretariat/Other),Operations - Communications,OFFICE ANGELS LTD,4027484,616.96
Department of Energy and Climate Change,Department of Energy and Climate Change,11-Aug-2011,Hire of Agency Staff (Clerical/Secretariat/Other),Operations - Communications,OFFICE ANGELS LTD,4027485,670.42
Department of Energy and Climate Change,Department of Energy and Climate Change,11-Aug-2011,Cash Expenditure during the Year - Other Health Related Provisions,EMI - Energy Development,BT CONFERENCING VIDEO LTD,4027488,880.09
Department of Energy and Climate Change,Department of Energy and Climate Change,11-Aug-2011,Public Relations and Marketing,Operations - Communications,SOUTHBANK CENTRE ENTERPRISES LTD,4027490,"2,360.00"
Department of Energy and Climate Change,Department of Energy and Climate Change,11-Aug-2011,IT Maintenance and Management Services,EMI - Energy Development,COLLABRO,4027491,"1,476.80"
Department of Energy and Climate Change,Department of Energy and Climate Change,11-Aug-2011,Hire of Agency Staff (Clerical/Secretariat/Other),Operations - Communications,OFFICE ANGELS LTD,4027492,658.08
Department of Energy and Climate Change,Department of Energy and Climate Change,11-Aug-2011,Application Support Service,EMI - Energy Development,THE UK ORACLE USER GROUP,4027493,"1,155.00"
Department of Energy and Climate Change,Department of Energy and Climate Change,12-Aug-2011,Hire of Agency Staff (Clerical/Secretariat/Other),ICCEE - Fuel Poverty & Smart Meters,ADECCO UK LTD,4027499,740.36
Department of Energy and Climate Change,Department of Energy and Climate Change,15-Aug-2011,Hire of Agency Staff (Clerical/Secretariat/Other),EMI - Energy Strategy & Futures/Electricity Market Reform,ADECCO UK LTD,4027503,595.12
Department of Energy and Climate Change,Department of Energy and Climate Change,23-Aug-2011,Hire of Agency Staff (Professional/Management),ICCEE - Heat & Industry,MORGAN HUNT UK LTD,4027504,"1,764.66"
Department of Energy and Climate Change,Department of Energy and Climate Change,12-Aug-2011,Technical Support,SEG Including Strategy - Energy Innovation Policy,SINCLAIR KNIGHT MERZ EUROPE LTD,4027505,"14,046.09"
Department of Energy and Climate Change,Department of Energy and Climate Change,11-Aug-2011,Salaries - Permanent (Programme),Operations - Nuclear Decommissioning & Security,FOREIGN AND COMMONWEALTH OFFICE (FCO),4027506,"4,553.00"
Department of Energy and Climate Change,Department of Energy and Climate Change,11-Aug-2011,Administration of Grants and Awards,Operations - Nuclear Decommissioning & Security,NUVIA LTD,4027507,"1,983.68"
Department of Energy and Climate Change,Department of Energy and Climate Change,11-Aug-2011,Administration of Grants and Awards,Operations - Nuclear Decommissioning & Security,NUVIA LTD,4027508,"89,698.28"
Department of Energy and Climate Change,Department of Energy and Climate Change,11-Aug-2011,Administration of Grants and Awards,Operations - Nuclear Decommissioning & Security,HTSPE LTD,4027509,"70,520.00"
Department of Energy and Climate Change,Department of Energy and Climate Change,11-Aug-2011,Administration of Grants and Awards,Operations - Nuclear Decommissioning & Security,NUVIA LTD,4027510,"19,263.09"
Department of Energy and Climate Change,Department of Energy and Climate Change,22-Aug-2011,Administration of Grants and Awards,Operations - Nuclear Decommissioning & Security,HTSPE LTD,4027511,"184,255.50"
Department of Energy and Climate Change,Department of Energy and Climate Change,11-Aug-2011,Grants - Current - Abroad,Operations - Nuclear Decommissioning & Security,NUVIA LTD,4027512,"8,000.00"
Department of Energy and Climate Change,Department of Energy and Climate Change,11-Aug-2011,Grants - Current - Abroad,Operations - Nuclear Decommissioning & Security,BABCOCK INTERNATIONAL GROUP PLC T/A BABCOCK NUCLEAR LTD,4027513,"32,000.00"
Department of Energy and Climate Change,Department of Energy and Climate Change,11-Aug-2011,Administration of Grants and Awards,Operations - Nuclear Decommissioning & Security,BABCOCK INTERNATIONAL GROUP PLC T/A BABCOCK NUCLEAR LTD,4027514,"2,896.25"
Department of Energy and Climate Change,Department of Energy and Climate Change,19-Aug-2011,Hire of Agency Staff (Professional/Management),Operations - HR,METHODS CONSULTING LTD,4027519,"4,068.00"
Department of Energy and Climate Change,Department of Energy and Climate Change,19-Aug-2011,Hire of Agency Staff (Professional/Management),Operations - HR,METHODS CONSULTING LTD,4027520,678
Department of Energy and Climate Change,Department of Energy and Climate Change,11-Aug-2011,Economic Consultancy & Research,EMI - ORED,OVE ARUP & PARTNERS INTERNATIONAL LTD,4027521,"32,701.75"
Department of Energy and Climate Change,Department of Energy and Climate Change,11-Aug-2011,Hire of Agency Staff (Clerical/Secretariat/Other),EMI - OCCS,HAYS SPECIALIST RECRUITMENT LTD,4027522,"1,148.51"
Department of Energy and Climate Change,Department of Energy and Climate Change,11-Aug-2011,Hire of Agency Staff (Clerical/Secretariat/Other),EMI - OCCS,HAYS SPECIALIST RECRUITMENT LTD,4027523,952.24
Department of Energy and Climate Change,Department of Energy and Climate Change,15-Aug-2011,Other Staff Costs (Programme),ICCEE - Fuel Poverty & Smart Meters,BROOK STREET (UK) LTD,4027524,613.03
Department of Energy and Climate Change,Department of Energy and Climate Change,15-Aug-2011,Other Staff Costs (Programme),ICCEE - Fuel Poverty & Smart Meters,BROOK STREET (UK) LTD,4027525,523.32
Department of Energy and Climate Change,Department of Energy and Climate Change,15-Aug-2011,Other Staff Costs (Programme),ICCEE - Fuel Poverty & Smart Meters,BROOK STREET (UK) LTD,4027526,530.8
Department of Energy and Climate Change,Department of Energy and Climate Change,11-Aug-2011,Technical Advice / Services & Support,EMI - OND,GREEN PARK INTERIM & EXECUTIVE LTD,4027528,"12,701.99"
Department of Energy and Climate Change,Department of Energy and Climate Change,11-Aug-2011,Technical Advice / Services & Support,EMI - OND,GREEN PARK INTERIM & EXECUTIVE LTD,4027529,"6,270.00"
Department of Energy and Climate Change,Department of Energy and Climate Change,18-Aug-2011,Research & Development Expenditure (Programme),Central Budgets - Central Budgets,ENVIRONMENTAL RESOURCES MANAGEMENT LTD,4027530,"3,233.50"
Department of Energy and Climate Change,Department of Energy and Climate Change,22-Aug-2011,Hotels,EMI - Energy Development,MREF TRADE CO LTD T/A MERCURE ARDOE HOUSE HOTEL & SPA,4027531,744.17
Department of Energy and Climate Change,Department of Energy and Climate Change,16-Aug-2011,External Training,Operations - HR,QA LTD,4027532,"1,098.00"
Department of Energy and Climate Change,Department of Energy and Climate Change,16-Aug-2011,External Training,Operations - HR,QA LTD,4027533,"1,098.00"
Department of Energy and Climate Change,Department of Energy and Climate Change,16-Aug-2011,External Training,Operations - HR,DOD'S PARLIAMENTARY COMMUNICATIONS LTD (WESTMINSTER EXPLAINED),4027535,"2,250.00"
Department of Energy and Climate Change,Department of Energy and Climate Change,16-Aug-2011,External Training,Operations - HR,DOD'S PARLIAMENTARY COMMUNICATIONS LTD (WESTMINSTER EXPLAINED),4027536,"2,250.00"
Department of Energy and Climate Change,Department of Energy and Climate Change,12-Aug-2011,Admin Grant to Energy Saving Trust,ICCEE - Green Deal,THE ENERGY SAVING TRUST LTD,4027539,"188,868.00"
Department of Energy and Climate Change,Department of Energy and Climate Change,23-Aug-2011,Outsourced Programme Management Services,ICCEE - Heat & Industry,BUILDING RESEARCH ESTABLISHMENT LTD (BRE),4027540,"76,493.34"
Department of Energy and Climate Change,Department of Energy and Climate Change,12-Aug-2011,Research & Development Expenditure (Programme),SEG Including Strategy - Energy Innovation Policy,IMPERIAL COLLEGE LONDON,4027541,"4,750.00"
Department of Energy and Climate Change,Department of Energy and Climate Change,12-Aug-2011,Hire of Agency Staff (Clerical/Secretariat/Other),Operations - Finance and Procurement,PARITY RESOURCES LTD,4027543,"2,593.68"
Department of Energy and Climate Change,Department of Energy and Climate Change,12-Aug-2011,Hire of Agency Staff (Clerical/Secretariat/Other),Operations - Finance and Procurement,BROOK STREET (UK) LTD,4027544,650.5
Department of Energy and Climate Change,Department of Energy and Climate Change,12-Aug-2011,Maintenance of IT Equipment,ICCEE - Heat & Industry,AMTEC Consulting plc,4027545,"5,393.81"
Department of Energy and Climate Change,Department of Energy and Climate Change,15-Aug-2011,Project Management Costs (Programme),ICCEE - Fuel Poverty & Smart Meters,PARITY RESOURCES LTD,4027546,"10,927.28"
Department of Energy and Climate Change,Department of Energy and Climate Change,15-Aug-2011,Project Management Costs (Programme),ICCEE - Fuel Poverty & Smart Meters,PARITY RESOURCES LTD,4027547,"11,214.84"
Department of Energy and Climate Change,Department of Energy and Climate Change,15-Aug-2011,Project Management Costs (Programme),ICCEE - Fuel Poverty & Smart Meters,PARITY RESOURCES LTD,4027548,"4,025.84"
Department of Energy and Climate Change,Department of Energy and Climate Change,12-Aug-2011,Hire of Agency Staff (Professional/Management),Operations - Finance and Procurement,ALLEN LANE LTD,4027550,"1,944.00"
Department of Energy and Climate Change,Department of Energy and Climate Change,15-Aug-2011,Hire of Agency Staff (Clerical/Secretariat/Other),Operations - Finance and Procurement,GREEN PARK INTERIM & EXECUTIVE LTD,4027553,"7,257.60"
Department of Energy and Climate Change,Department of Energy and Climate Change,12-Aug-2011,Government Procurement Card New Procedures,Corporate Payments - ,BARCLAYS BANK PLC,4027554,"30,766.43"
Department of Energy and Climate Change,Department of Energy and Climate Change,12-Aug-2011,Hire of Reprographic Equipment,Operations - Finance and Procurement,SIEMENS FINANCIAL SERVICES LTD,4027555,"2,850.00"
Department of Energy and Climate Change,Department of Energy and Climate Change,12-Aug-2011,Professional Subscriptions,Operations - Economics,HM TREASURY,4027556,"36,463.20"
Department of Energy and Climate Change,Department of Energy and Climate Change,12-Aug-2011,Consultancy Advice Provided From Third Parties,ICCEE - Fuel Poverty & Smart Meters,NETWORKERS RECRUITMENT SERVICES LTD T/A NETWORKERS INTERNATIONAL PLC,4027557,"4,727.30"
Department of Energy and Climate Change,Department of Energy and Climate Change,15-Aug-2011,Telecommunications,Operations - Finance and Procurement,ACT TELECONFERENCING LTD,4027560,"1,835.20"
Department of Energy and Climate Change,Department of Energy and Climate Change,15-Aug-2011,Research & Development Expenditure (Programme),ICCEE - Fuel Poverty & Smart Meters,EDF ENERGY plc,4027561,"104,361.55"
Department of Energy and Climate Change,Department of Energy and Climate Change,15-Aug-2011,Research & Development Expenditure (Programme),ICCEE - Fuel Poverty & Smart Meters,EDF ENERGY plc,4027562,"157,741.38"
Department of Energy and Climate Change,Department of Energy and Climate Change,15-Aug-2011,Consultancy Advice Provided From Third Parties,ICCEE - Fuel Poverty & Smart Meters,NETWORKERS RECRUITMENT SERVICES LTD T/A NETWORKERS INTERNATIONAL PLC,4027564,"10,505.10"
Department of Energy and Climate Change,Department of Energy and Climate Change,15-Aug-2011,Outsourced Programme Management Services,EMI - Energy Development,GENESIS OIL & GAS CONSULTANTS LTD,4027565,"10,875.68"
Department of Energy and Climate Change,Department of Energy and Climate Change,15-Aug-2011,Hire of Agency Staff (Clerical/Secretariat/Other),Operations - Communications,OFFICE ANGELS LTD,4027567,616.96
Department of Energy and Climate Change,Department of Energy and Climate Change,16-Aug-2011,Internal Training,Operations - HR,NATIONAL SCHOOL OF GOVERNMENT,4027569,"1,210.00"
Department of Energy and Climate Change,Department of Energy and Climate Change,15-Aug-2011,Hire of Agency Staff (Clerical/Secretariat/Other),EMI - OND,OFFICE ANGELS LTD,4027570,604.61
Department of Energy and Climate Change,Department of Energy and Climate Change,15-Aug-2011,Hire of Agency Staff (Clerical/Secretariat/Other),Operations - Communications,OFFICE ANGELS LTD,4027572,600.5
Department of Energy and Climate Change,Department of Energy and Climate Change,15-Aug-2011,Hire of Agency Staff (Clerical/Secretariat/Other),Operations - Performance and Planning,OFFICE ANGELS LTD,4027574,886.36
Department of Energy and Climate Change,Department of Energy and Climate Change,15-Aug-2011,Hire of Agency Staff (Clerical/Secretariat/Other),Operations - Communications,OFFICE ANGELS LTD,4027575,645.74
Department of Energy and Climate Change,Department of Energy and Climate Change,15-Aug-2011,Hire of Agency Staff (Clerical/Secretariat/Other),EMI - OCCS,OFFICE ANGELS LTD,4027576,641.63
Department of Energy and Climate Change,Department of Energy and Climate Change,15-Aug-2011,External Training,EMI - Energy Development,THE GEOLOGICAL SOCEITY,4027579,"1,000.00"
Department of Energy and Climate Change,Department of Energy and Climate Change,15-Aug-2011,Information Rights Service,Operations - Finance and Procurement,INFORMATION COMMISSIONERS OFFICE,4027581,500
Department of Energy and Climate Change,Department of Energy and Climate Change,16-Aug-2011,Hire of Agency Staff (Professional/Management),Operations - Finance and Procurement,MICHAEL PAGE INTERNATIONAL RECRUITMENT LTD,4027582,"3,600.00"
Department of Energy and Climate Change,Department of Energy and Climate Change,16-Aug-2011,Corporate Management Consultancy,EMI - OND,KPMG,4027583,"17,175.83"
Department of Energy and Climate Change,Department of Energy and Climate Change,18-Aug-2011,Secondees (not paid directly),ICCEE - Office of National Energy Efficiency,THE COMMITTEE ON CLIMATE CHANGE,4027585,"17,709.91"
Department of Energy and Climate Change,Department of Energy and Climate Change,17-Aug-2011,Standard Desktop Services,Operations - Finance and Procurement,FUJITSU SERVICES LTD,4027586,"1,563.00"
Department of Energy and Climate Change,Department of Energy and Climate Change,16-Aug-2011,IT Software Licences,Operations - Finance and Procurement,FUJITSU SERVICES LTD,4027587,"48,037.48"
Department of Energy and Climate Change,Department of Energy and Climate Change,16-Aug-2011,IT Software Licences,Operations - Finance and Procurement,FUJITSU SERVICES LTD,4027589,"7,876.80"
Department of Energy and Climate Change,Department of Energy and Climate Change,19-Aug-2011,Economic Consultancy and Research,Corporate Support & Shared Services - Corporate Support & Shared Services,DEPARTMENT FOR BUSINESS INNOVATION & SKILLS,4027593,"2,420.00"
Department of Energy and Climate Change,Department of Energy and Climate Change,16-Aug-2011,Project Management Costs (Programme),ICCEE - Office of National Energy Efficiency,COI COMMUNICATIONS,4027594,"1,586.50"
Department of Energy and Climate Change,Department of Energy and Climate Change,16-Aug-2011,IT Maintenance and Management Services,EMI - Energy Development,INFORMED SOLUTIONS,4027595,"3,240.00"
Department of Energy and Climate Change,Department of Energy and Climate Change,16-Aug-2011,Administration of Grants and Awards,Energy Markets & Infrastructure - Energy Development Unit,"UNIVERSITY OF WALES, BANGOR",4027596,"5,000.00"
Department of Energy and Climate Change,Department of Energy and Climate Change,24-Aug-2011,Research & Development Expenditure (Programme),SEG Including Strategy - Energy Innovation Policy,BUILDING RESEARCH ESTABLISHMENT LTD (BRE),4027597,"5,290.00"
Department of Energy and Climate Change,Department of Energy and Climate Change,16-Aug-2011,IT Maintenance and Management Services,EMI - Energy Development,INFORMED SOLUTIONS,4027598,"28,590.50"
Department of Energy and Climate Change,Department of Energy and Climate Change,16-Aug-2011,IT Maintenance and Management Services,EMI - Energy Development,INFORMED SOLUTIONS,4027599,"3,180.00"
Department of Energy and Climate Change,Department of Energy and Climate Change,16-Aug-2011,Hire of Agency Staff (Professional/Management),Operations - Finance and Procurement,MICHAEL PAGE INTERNATIONAL RECRUITMENT LTD,4027600,"2,942.28"
Department of Energy and Climate Change,Department of Energy and Climate Change,16-Aug-2011,Hire of Conference Facilities (Programme),ICCEE - Fuel Poverty & Smart Meters,IET SERVICES LTD T/A THE INSTITUTION OF ENGINEERING AND TECHNOLOGY,4027603,810
Department of Energy and Climate Change,Department of Energy and Climate Change,16-Aug-2011,Consultancy Advice Provided From Third Parties,ICCEE - Fuel Poverty & Smart Meters,GREEN PARK INTERIM & EXECUTIVE LTD,4027604,"19,147.26"
Department of Energy and Climate Change,Department of Energy and Climate Change,16-Aug-2011,Hire of Agency Staff (Clerical/Secretariat/Other),Operations - Performance and Planning,OFFICE ANGELS LTD,4027608,916.92
Department of Energy and Climate Change,Department of Energy and Climate Change,18-Aug-2011,Salaries - Secondees (Programme),EMI - OND,PINSENT MASONS LLP,4027609,"4,125.00"
Department of Energy and Climate Change,Department of Energy and Climate Change,16-Aug-2011,Capital Grants to Private Sector - Own Asset Creation,EMI - ORED,AEA TECHNOLOGY plc,4027610,"37,575.89"
Department of Energy and Climate Change,Department of Energy and Climate Change,16-Aug-2011,IT Maintenance and Management Services,EMI - Energy Development,INFORMED SOLUTIONS,4027613,"1,938.00"
Department of Energy and Climate Change,Department of Energy and Climate Change,16-Aug-2011,IT Maintenance and Management Services,EMI - Energy Development,INFORMED SOLUTIONS,4027614,"2,385.00"
Department of Energy and Climate Change,Department of Energy and Climate Change,16-Aug-2011,Cash Expenditure during the Year - Other Health Related Provisions,EMI - Energy Development,IRON MOUNTAIN (UK) LTD,4027615,"196,753.38"
Department of Energy and Climate Change,Department of Energy and Climate Change,17-Aug-2011,Capital Grants to Private Sector - Own Asset Creation,EMI - ORED,AEA TECHNOLOGY plc,4027621,"58,051.13"
Department of Energy and Climate Change,Department of Energy and Climate Change,19-Aug-2011,Hire of Agency Staff (Clerical/Secretariat/Other),Private Office - Private Office,Reed Personnel Services Ltd,4027622,545.62
Department of Energy and Climate Change,Department of Energy and Climate Change,19-Aug-2011,Professional Subscriptions,EMI - Energy Strategy & Futures/Electricity Market Reform,BLOOMBERG FINANCE L.P.,4027623,"4,914.75"
Department of Energy and Climate Change,Department of Energy and Climate Change,17-Aug-2011,Car Hire and Leasing,ICCEE - International Climate Change,GOVERNMENT CAR AND DESPATCH AGENCY,4027624,591.62
Department of Energy and Climate Change,Department of Energy and Climate Change,19-Aug-2011,Other Staff Costs,Operations - HR,CYCLESCHEME LTD,4027627,"4,504.24"
Department of Energy and Climate Change,Department of Energy and Climate Change,17-Aug-2011,Outsourced Programme Management Services,ICCEE - Fuel Poverty & Smart Meters,EVOLVE BUSINESS CONSULTANCY LTD,4027628,"13,495.68"
Department of Energy and Climate Change,Department of Energy and Climate Change,17-Aug-2011,Outsourced Programme Management Services,ICCEE - Fuel Poverty & Smart Meters,EVOLVE BUSINESS CONSULTANCY LTD,4027629,"25,854.60"
Department of Energy and Climate Change,Department of Energy and Climate Change,17-Aug-2011,Child Care,Operations - HR,CHILDCARE VOUCHERS LTD (EDENRED),4027632,"21,759.00"
Department of Energy and Climate Change,Department of Energy and Climate Change,22-Aug-2011,Other Staff Costs (Programme),ICCEE - Fuel Poverty & Smart Meters,BROOK STREET (UK) LTD,4027641,609.29
Department of Energy and Climate Change,Department of Energy and Climate Change,22-Aug-2011,Other Staff Costs (Programme),ICCEE - Fuel Poverty & Smart Meters,BROOK STREET (UK) LTD,4027642,609.29
Department of Energy and Climate Change,Department of Energy and Climate Change,22-Aug-2011,Other Staff Costs (Programme),ICCEE - Fuel Poverty & Smart Meters,BROOK STREET (UK) LTD,4027643,613.03
Department of Energy and Climate Change,Department of Energy and Climate Change,22-Aug-2011,Other Staff Costs (Programme),ICCEE - Fuel Poverty & Smart Meters,BROOK STREET (UK) LTD,4027645,579.38
Department of Energy and Climate Change,Department of Energy and Climate Change,17-Aug-2011,Research & Development Expenditure (Programme),SEG Including Strategy - Energy Innovation Policy,ICF CONSULTING LTD T/A ICF INTERNATIONAL,4027650,"21,562.87"
Department of Energy and Climate Change,Department of Energy and Climate Change,23-Aug-2011,External Training,SEG Including Strategy - Strategy Inc Committee on Climate Change,MET OFFICE,4027657,"2,189.00"
Department of Energy and Climate Change,Department of Energy and Climate Change,18-Aug-2011,Board Members Tax Deductions (Suspense Account),Corporate Payments - ,HM REVENUE & CUSTOMS,4027658,"5,032.26"
Department of Energy and Climate Change,Department of Energy and Climate Change,18-Aug-2011,Other IT Consultancy,EMI - Energy Development,UNIVERSITY OF SURREY,4027660,"23,331.92"
Department of Energy and Climate Change,Department of Energy and Climate Change,23-Aug-2011,Hire of Agency Staff (Professional/Management),ICCEE - Heat & Industry,MORGAN HUNT UK LTD,4027668,"1,764.66"
Department of Energy and Climate Change,Department of Energy and Climate Change,25-Aug-2011,Other Printing and Stationery Costs (Programme),EMI - OND,COI COMMUNICATIONS,4027670,"37,150.50"
Department of Energy and Climate Change,Department of Energy and Climate Change,18-Aug-2011,Consultancy Advice Provided From Third Parties,ICCEE - Fuel Poverty & Smart Meters,DELOITTE LLP,4027671,"10,604.00"
Department of Energy and Climate Change,Department of Energy and Climate Change,18-Aug-2011,Consultancy Advice Provided From Third Parties,ICCEE - Fuel Poverty & Smart Meters,DELOITTE LLP,4027673,"10,604.00"
Department of Energy and Climate Change,Department of Energy and Climate Change,18-Aug-2011,Consultancy Advice Provided From Third Parties,ICCEE - Fuel Poverty & Smart Meters,DELOITTE LLP,4027674,"10,604.00"
Department of Energy and Climate Change,Department of Energy and Climate Change,18-Aug-2011,Consultancy Advice Provided From Third Parties,ICCEE - Fuel Poverty & Smart Meters,DELOITTE LLP,4027676,"10,604.00"
Department of Energy and Climate Change,Department of Energy and Climate Change,18-Aug-2011,Consultancy Advice Provided From Third Parties,ICCEE - Fuel Poverty & Smart Meters,DELOITTE LLP,4027677,"10,604.00"
Department of Energy and Climate Change,Department of Energy and Climate Change,18-Aug-2011,Consultancy Advice Provided From Third Parties,ICCEE - Fuel Poverty & Smart Meters,DELOITTE LLP,4027678,"10,604.00"
Department of Energy and Climate Change,Department of Energy and Climate Change,19-Aug-2011,Other Staff Costs,Operations - HR,CYCLESCHEME LTD,4027679,"3,494.32"
Department of Energy and Climate Change,Department of Energy and Climate Change,18-Aug-2011,Consultancy Advice Provided From Third Parties,ICCEE - Fuel Poverty & Smart Meters,DELOITTE LLP,4027680,"10,604.00"
Department of Energy and Climate Change,Department of Energy and Climate Change,18-Aug-2011,Consultancy Advice Provided From Third Parties,ICCEE - Fuel Poverty & Smart Meters,DELOITTE LLP,4027681,"10,604.00"
Department of Energy and Climate Change,Department of Energy and Climate Change,23-Aug-2011,Research & Development Expenditure (Programme),SEG Including Strategy - Energy Innovation Policy,ENVIRONMENTAL RESOURCES MANAGEMENT LTD,4027682,"2,624.50"
Department of Energy and Climate Change,Department of Energy and Climate Change,18-Aug-2011,External Training,Operations - HR,QA LTD,4027684,"4,050.00"
Department of Energy and Climate Change,Department of Energy and Climate Change,19-Aug-2011,Hire of Agency Staff (Clerical/Secretariat/Other),EMI - OCCS,HAYS SPECIALIST RECRUITMENT LTD,4027685,937.72
Department of Energy and Climate Change,Department of Energy and Climate Change,19-Aug-2011,External Training,Operations - HR,PARTNERSHIP MEDIA GROUP LTD T/A GOVNET COMMUNICATIONS,4027687,"3,500.00"
Department of Energy and Climate Change,Department of Energy and Climate Change,18-Aug-2011,Consultancy Advice Provided From Third Parties,ICCEE - Fuel Poverty & Smart Meters,QUO IMUS LTD T/A QI CONSULTING,4027688,"23,961.60"
Department of Energy and Climate Change,Department of Energy and Climate Change,19-Aug-2011,Technical Advice / Services & Support,Operations - Finance and Procurement,INSIGHT MANAGEMENT & SYSTEMS LTD,4027689,"4,448.75"
Department of Energy and Climate Change,Department of Energy and Climate Change,19-Aug-2011,Hire of Agency Staff (Professional/Management),Private Office - Private Office,BROOK STREET (UK) LTD,4027694,519.16
Department of Energy and Climate Change,Department of Energy and Climate Change,26-Aug-2011,Hire of Agency Staff (Clerical/Secretariat/Other),EMI - OND,BROOK STREET (UK) LTD,4027695,601.39
Department of Energy and Climate Change,Department of Energy and Climate Change,22-Aug-2011,Hire of Agency Staff (Clerical/Secretariat/Other),Operations - Nuclear Decommissioning & Security,BROOK STREET (UK) LTD,4027697,916.8
Department of Energy and Climate Change,Department of Energy and Climate Change,24-Aug-2011,International Subscriptions,EMI - ORED,NATIONAL RENEWABLE ENERGY LABORATORY,4027698,"4,326.34"
Department of Energy and Climate Change,Department of Energy and Climate Change,22-Aug-2011,Other Staff Costs (Programme),ICCEE - Fuel Poverty & Smart Meters,BROOK STREET (UK) LTD,4027699,523.32
Department of Energy and Climate Change,Department of Energy and Climate Change,24-Aug-2011,International Subscriptions,EMI - ORED,NATIONAL RENEWABLE ENERGY LABORATORY,4027701,"3,178.98"
Department of Energy and Climate Change,Department of Energy and Climate Change,23-Aug-2011,ICT Infrastructure Specific Service,Operations - Finance and Procurement,FUJITSU SERVICES LTD,4027702,"2,024.14"
Department of Energy and Climate Change,Department of Energy and Climate Change,22-Aug-2011,Hire of Agency Staff (Clerical/Secretariat/Other),Operations - Nuclear Decommissioning & Security,BROOK STREET (UK) LTD,4027703,928.26
Department of Energy and Climate Change,Department of Energy and Climate Change,22-Aug-2011,Hire of Agency Staff (Clerical/Secretariat/Other),Corporate Support & Shared Services - Corporate Support & Shared Services,BROOK STREET (UK) LTD,4027704,645.91
Department of Energy and Climate Change,Department of Energy and Climate Change,22-Aug-2011,Other Staff Costs (Programme),ICCEE - Fuel Poverty & Smart Meters,BROOK STREET (UK) LTD,4027705,564.43
Department of Energy and Climate Change,Department of Energy and Climate Change,22-Aug-2011,Other Staff Costs (Programme),ICCEE - Fuel Poverty & Smart Meters,BROOK STREET (UK) LTD,4027706,609.29
Department of Energy and Climate Change,Department of Energy and Climate Change,22-Aug-2011,Cash Expenditure during the Year - Concessionary Fuel,EMI - Energy Development,CPL DISTRIBUTION LTD T/A CPL FUELS,4027713,"1,279,990.96"
Department of Energy and Climate Change,Department of Energy and Climate Change,19-Aug-2011,Hire of Conference Facilities,EMI - Energy Strategy & Futures/Electricity Market Reform,15 HATFIELDS LTD,4027715,528
Department of Energy and Climate Change,Department of Energy and Climate Change,22-Aug-2011,Capital Grants to Private Sector - Own Asset Creation,ICCEE - Green Deal,THE CARBON TRUST,4027723,"6,450,663.00"
Department of Energy and Climate Change,Department of Energy and Climate Change,19-Aug-2011,Other IT Costs,Operations - Communications,ACTICA CONSULTING LTD,4027725,"5,767.42"
Department of Energy and Climate Change,Department of Energy and Climate Change,19-Aug-2011,Board Members National Insurance Deductions (Suspense Account),Corporate Payments - ,HM REVENUE & CUSTOMS,4027726,"1,844.54"
Department of Energy and Climate Change,Department of Energy and Climate Change,19-Aug-2011,Board Members Tax Deductions (Suspense Account),Corporate Payments - ,HM REVENUE & CUSTOMS,4027727,"2,151.00"
Department of Energy and Climate Change,Department of Energy and Climate Change,22-Aug-2011,Coal Provision Payments Suspense,EMI - Energy Development,DECC COAL CENTRAL ACCOUNT,4027728,"100,000.00"
Department of Energy and Climate Change,Department of Energy and Climate Change,22-Aug-2011,Current Grants to Local Authorities,EMI - OND,COPELAND BOROUGH COUNCIL,4027729,"676,399.00"
Department of Energy and Climate Change,Department of Energy and Climate Change,22-Aug-2011,Publications,EMI - Energy Development,SWEET NEWS,4027736,"1,000.35"
Department of Energy and Climate Change,Department of Energy and Climate Change,22-Aug-2011,Application Support Service,Operations - Finance and Procurement,FIVIUM LTD,4027737,"1,592.50"
Department of Energy and Climate Change,Department of Energy and Climate Change,22-Aug-2011,Hire of Agency Staff (Professional/Management),Operations - Finance and Procurement,MICHAEL PAGE INTERNATIONAL RECRUITMENT LTD,4027739,"3,600.00"
Department of Energy and Climate Change,Department of Energy and Climate Change,23-Aug-2011,External Training,Operations - HR,AEA TECHNOLOGY plc,4027740,"5,406.00"
Department of Energy and Climate Change,Department of Energy and Climate Change,22-Aug-2011,Hire of Agency Staff (Professional/Management),Operations - Finance and Procurement,MICHAEL PAGE INTERNATIONAL RECRUITMENT LTD,4027741,"2,942.28"
Department of Energy and Climate Change,Department of Energy and Climate Change,22-Aug-2011,Hire of Agency Staff (Clerical/Secretariat/Other),Operations - Performance and Planning,OFFICE ANGELS LTD,4027743,886.36
Department of Energy and Climate Change,Department of Energy and Climate Change,22-Aug-2011,Hire of Agency Staff (Clerical/Secretariat/Other),Operations - Communications,OFFICE ANGELS LTD,4027745,592.27
Department of Energy and Climate Change,Department of Energy and Climate Change,24-Aug-2011,Hire of Agency Staff (Clerical/Secretariat/Other),Operations - Communications,OFFICE ANGELS LTD,4027747,612.84
Department of Energy and Climate Change,Department of Energy and Climate Change,22-Aug-2011,Hire of Agency Staff (Clerical/Secretariat/Other),Operations - Communications,OFFICE ANGELS LTD,4027748,567.6
Department of Energy and Climate Change,Department of Energy and Climate Change,22-Aug-2011,Standard Desktop Services,Operations - Finance and Procurement,FUJITSU SERVICES LTD,4027749,"22,667.00"
Department of Energy and Climate Change,Department of Energy and Climate Change,22-Aug-2011,Senior Civil Service Training,EMI - EMI DG Office,GEEMA CONSULTING,4027751,"5,400.00"
Department of Energy and Climate Change,Department of Energy and Climate Change,24-Aug-2011,Standard Desktop Services,Operations - Finance and Procurement,FUJITSU SERVICES LTD,4027756,"9,708.97"
Department of Energy and Climate Change,Department of Energy and Climate Change,24-Aug-2011,Standard Desktop Services,Operations - Finance and Procurement,FUJITSU SERVICES LTD,4027757,"6,385.14"
Department of Energy and Climate Change,Department of Energy and Climate Change,24-Aug-2011,Standard Desktop Services,Operations - Finance and Procurement,FUJITSU SERVICES LTD,4027758,"5,706.56"
Department of Energy and Climate Change,Department of Energy and Climate Change,23-Aug-2011,International Subscriptions,ICCEE - International Climate Change,UNITED NATIONS FRAMEWORK CONVENTION ON CLIMATE CHANGE,4027760,"144,000.00"
Department of Energy and Climate Change,Department of Energy and Climate Change,25-Aug-2011,International Subscriptions,ICCEE - International Climate Change,UNITED NATIONS FRAMEWORK CONVENTION ON CLIMATE CHANGE,4027761,"263,070.00"
Department of Energy and Climate Change,Department of Energy and Climate Change,23-Aug-2011,Telecommunications (Programme),ICCEE - Fuel Poverty & Smart Meters,CESG,4027762,"22,504.68"
Department of Energy and Climate Change,Department of Energy and Climate Change,23-Aug-2011,Hire of Office Equipment,Operations - Finance and Procurement,COPIERTEC LTD,4027763,766.58
Department of Energy and Climate Change,Department of Energy and Climate Change,23-Aug-2011,Hire of Conference Facilities (Programme),ICCEE - Fuel Poverty & Smart Meters,IET SERVICES LTD T/A THE INSTITUTION OF ENGINEERING AND TECHNOLOGY,4027764,999
Department of Energy and Climate Change,Department of Energy and Climate Change,23-Aug-2011,Hire of Conference Facilities (Programme),ICCEE - Fuel Poverty & Smart Meters,IET SERVICES LTD T/A THE INSTITUTION OF ENGINEERING AND TECHNOLOGY,4027765,558
Department of Energy and Climate Change,Department of Energy and Climate Change,23-Aug-2011,Hire of Conference Facilities (Programme),ICCEE - Fuel Poverty & Smart Meters,IET SERVICES LTD T/A THE INSTITUTION OF ENGINEERING AND TECHNOLOGY,4027767,506.4
Department of Energy and Climate Change,Department of Energy and Climate Change,23-Aug-2011,Hire of Conference Facilities (Programme),ICCEE - Fuel Poverty & Smart Meters,IET SERVICES LTD T/A THE INSTITUTION OF ENGINEERING AND TECHNOLOGY,4027768,874.8
Department of Energy and Climate Change,Department of Energy and Climate Change,23-Aug-2011,External Training (Programme),EMI - Energy Development,PETROFAC TRAINING LTD,4027770,"3,305.00"
Department of Energy and Climate Change,Department of Energy and Climate Change,23-Aug-2011,Telecommunications (Programme),ICCEE - Fuel Poverty & Smart Meters,CESG,4027772,"5,409.29"
Department of Energy and Climate Change,Department of Energy and Climate Change,24-Aug-2011,Research & Development Expenditure (Programme),SEG Including Strategy - Energy Innovation Policy,AEA TECHNOLOGY plc,4027775,"44,245.00"
Department of Energy and Climate Change,Department of Energy and Climate Change,23-Aug-2011,Application Development,Operations - Finance and Procurement,FUJITSU SERVICES LTD,4027778,"3,656.73"
Department of Energy and Climate Change,Department of Energy and Climate Change,26-Aug-2011,Other Staff Costs,ICCEE - International Climate Change,LINDORFF AS,4027784,661.45
Department of Energy and Climate Change,Department of Energy and Climate Change,24-Aug-2011,Other Staff Costs,Operations - HR,CYCLESCHEME LTD,4027785,824.99
Department of Energy and Climate Change,Department of Energy and Climate Change,25-Aug-2011,Hospitality - UK,ICCEE - Heat & Industry,CABINET OFFICE,4027786,851.37
Department of Energy and Climate Change,Department of Energy and Climate Change,25-Aug-2011,Technical Advice / Services & Support,ICCEE - Fuel Poverty & Smart Meters,OFFICE OF GAS AND ELECTRICITY MARKETS [OFGEM],4027787,"22,481.00"
Department of Energy and Climate Change,Department of Energy and Climate Change,25-Aug-2011,Technical Advice / Services & Support,ICCEE - Fuel Poverty & Smart Meters,OFFICE OF GAS AND ELECTRICITY MARKETS [OFGEM],4027788,"33,501.00"
Department of Energy and Climate Change,Department of Energy and Climate Change,25-Aug-2011,Technical Advice / Services & Support,ICCEE - Fuel Poverty & Smart Meters,OFFICE OF GAS AND ELECTRICITY MARKETS [OFGEM],4027789,"60,959.00"
Department of Energy and Climate Change,Department of Energy and Climate Change,25-Aug-2011,Secondees (not paid directly),SEG Including Strategy - CSA - Private Office & Director,UNIVERSITY OF CAMBRIDGE,4027790,"11,921.25"
Department of Energy and Climate Change,Department of Energy and Climate Change,23-Aug-2011,Amount owed by DECC to BIS for recharged services,Central Budgets - Central Budgets,DEPARTMENT FOR BUSINESS INNOVATION & SKILLS,4027792,"73,842.55"
Department of Energy and Climate Change,Department of Energy and Climate Change,25-Aug-2011,Hire of Agency Staff (Clerical/Secretariat/Other),Operations - Communications,XCHANGETEAM GROUP LTD,4027793,707.04
Department of Energy and Climate Change,Department of Energy and Climate Change,24-Aug-2011,Hire of Agency Staff (Clerical/Secretariat/Other),Operations - Communications,XCHANGETEAM GROUP LTD,4027794,883.8
Department of Energy and Climate Change,Department of Energy and Climate Change,25-Aug-2011,Hire of Agency Staff (Clerical/Secretariat/Other),Operations - Communications,XCHANGETEAM GROUP LTD,4027795,883.8
Department of Energy and Climate Change,Department of Energy and Climate Change,25-Aug-2011,Hire of Agency Staff (Clerical/Secretariat/Other),Operations - Communications,XCHANGETEAM GROUP LTD,4027796,883.8
Department of Energy and Climate Change,Department of Energy and Climate Change,24-Aug-2011,Outsourced Technical Support (Programme),SEG Including Strategy - Energy Innovation Policy,UNIVERSITY OF OXFORD,4027797,764.83
Department of Energy and Climate Change,Department of Energy and Climate Change,24-Aug-2011,Furniture,Operations - Finance and Procurement,SENATOR INTERNATIONAL LTD,4027814,"2,346.48"
Department of Energy and Climate Change,Department of Energy and Climate Change,24-Aug-2011,Project Management Costs (Programme),ICCEE - Fuel Poverty & Smart Meters,ELAN COMPUTING LTD,4027815,"3,392.43"
Department of Energy and Climate Change,Department of Energy and Climate Change,24-Aug-2011,Project Management Costs (Programme),ICCEE - Fuel Poverty & Smart Meters,ELAN COMPUTING LTD,4027816,"3,573.49"
Department of Energy and Climate Change,Department of Energy and Climate Change,24-Aug-2011,Project Management Costs (Programme),ICCEE - Fuel Poverty & Smart Meters,ELAN COMPUTING LTD,4027817,"3,468.67"
Department of Energy and Climate Change,Department of Energy and Climate Change,24-Aug-2011,Project Management Costs (Programme),ICCEE - Fuel Poverty & Smart Meters,ELAN COMPUTING LTD,4027819,"8,614.49"
Department of Energy and Climate Change,Department of Energy and Climate Change,31-Aug-2011,Outsourced Technical Support (Programme),SEG Including Strategy - Energy Innovation Policy,AEA TECHNOLOGY plc,4027821,"10,763.44"
Department of Energy and Climate Change,Department of Energy and Climate Change,24-Aug-2011,Hospitality - UK,Operations - Performance and Planning,IFG ENTERPRISES LTD,4027822,737.4
Department of Energy and Climate Change,Department of Energy and Climate Change,24-Aug-2011,Standard Desktop Services,Operations - Finance and Procurement,FUJITSU SERVICES LTD,4027823,"4,007.52"
Department of Energy and Climate Change,Department of Energy and Climate Change,24-Aug-2011,Car Hire and Leasing,Private Office - Private Office,GOVERNMENT CAR AND DESPATCH AGENCY,4027827,630
Department of Energy and Climate Change,Department of Energy and Climate Change,24-Aug-2011,Hire of Agency Staff (Clerical/Secretariat/Other),Private Office - Private Office,MANPOWER UK LTD,4027828,"1,008.84"
Department of Energy and Climate Change,Department of Energy and Climate Change,30-Aug-2011,Hire of Agency Staff (Professional/Management),Private Office - Private Office,ADECCO UK LTD,4027829,765.07
Department of Energy and Climate Change,Department of Energy and Climate Change,24-Aug-2011,Hire of IT Equipment (Programme),EMI - Energy Development,AVC CREATIVE LTD,4027840,"7,550.00"
Department of Energy and Climate Change,Department of Energy and Climate Change,25-Aug-2011,Capital Grants - Other,EMI - ORED,JDR CABLE SYSTEMS LTD,4027845,"379,711.63"
Department of Energy and Climate Change,Department of Energy and Climate Change,25-Aug-2011,Professional Subscriptions,Operations - HR,INSTITUTE FOR EMPLOYMENT STUDIES,4027846,"5,875.00"
Department of Energy and Climate Change,Department of Energy and Climate Change,26-Aug-2011,Administration of Grants and Awards,EMI - Energy Development,THE MARINE BIOLOGICAL ASSOCIATION OF THE UNITED KINGDOM,4027847,"130,381.00"
Department of Energy and Climate Change,Department of Energy and Climate Change,26-Aug-2011,Hire of Agency Staff (Clerical/Secretariat/Other),EMI - OND,BROOK STREET (UK) LTD,4027848,787.54
Department of Energy and Climate Change,Department of Energy and Climate Change,26-Aug-2011,Hire of Agency Staff (Clerical/Secretariat/Other),EMI - OND,BROOK STREET (UK) LTD,4027849,501.16
Department of Energy and Climate Change,Department of Energy and Climate Change,26-Aug-2011,Hire of Agency Staff (Clerical/Secretariat/Other),EMI - OND,BROOK STREET (UK) LTD,4027850,749.35
Department of Energy and Climate Change,Department of Energy and Climate Change,26-Aug-2011,Hire of Agency Staff (Clerical/Secretariat/Other),EMI - OND,BROOK STREET (UK) LTD,4027851,682.54
Department of Energy and Climate Change,Department of Energy and Climate Change,26-Aug-2011,Hire of Agency Staff (Clerical/Secretariat/Other),EMI - OND,BROOK STREET (UK) LTD,4027852,696.85
Department of Energy and Climate Change,Department of Energy and Climate Change,25-Aug-2011,Research & Development Expenditure (Programme),Operations - Economics,PAUL WATKISS ASSOCIATES LTD,4027858,"1,000.00"
Department of Energy and Climate Change,Department of Energy and Climate Change,25-Aug-2011,Project Management Costs (Programme),ICCEE - Fuel Poverty & Smart Meters,CAMBRIDGE ECONOMIC POLICY ASSOCIATES LTD,4027859,"13,260.00"
Department of Energy and Climate Change,Department of Energy and Climate Change,25-Aug-2011,Hotels (Programme),EMI - OND,MWB BUSINESS EXCHANGE CENTRES LTD,4027861,630
Department of Energy and Climate Change,Department of Energy and Climate Change,25-Aug-2011,Technical Advice / Services & Support,EMI - OND,CABINET OFFICE,4027866,"4,950.00"
Department of Energy and Climate Change,Department of Energy and Climate Change,25-Aug-2011,Salaries - Secondees (Programme),EMI - OND,ENERGYSOLUTIONS EU LTD,4027869,"2,589.60"
Department of Energy and Climate Change,Department of Energy and Climate Change,25-Aug-2011,DECC Only  - Shared Services - IT Shared Services,Operations - Finance and Procurement,FCO SERVICES,4027870,"7,560.00"
Department of Energy and Climate Change,Department of Energy and Climate Change,26-Aug-2011,Other Staff Costs (Programme),ICCEE - Fuel Poverty & Smart Meters,ELAN COMPUTING LTD,4027871,"1,065.00"
Department of Energy and Climate Change,Department of Energy and Climate Change,26-Aug-2011,Other Staff Costs (Programme),ICCEE - Fuel Poverty & Smart Meters,ELAN COMPUTING LTD,4027872,"1,089.67"
Department of Energy and Climate Change,Department of Energy and Climate Change,26-Aug-2011,External Training,Operations - HR,PRIORITY MANAGEMENT LONDON LTD,4027877,"2,000.00"
Department of Energy and Climate Change,Department of Energy and Climate Change,26-Aug-2011,External Training,Operations - HR,PRIORITY MANAGEMENT LONDON LTD,4027878,"2,475.00"
Department of Energy and Climate Change,Department of Energy and Climate Change,26-Aug-2011,Economic Consultancy and Research,EMI - OND,ATKINS LTD,4027879,"14,648.45"
Department of Energy and Climate Change,Department of Energy and Climate Change,31-Aug-2011,Publications,Operations - Legal,GOVERNMENT LEGAL SERVICES SECRETARIAT,4027881,"26,603.20"
Department of Energy and Climate Change,Department of Energy and Climate Change,31-Aug-2011,Hire of Agency Staff (Professional/Management),Private Office - Private Office,BROOK STREET (UK) LTD,4027883,561.24
Department of Energy and Climate Change,Department of Energy and Climate Change,30-Aug-2011,Hire of Agency Staff (Clerical/Secretariat/Other),EMI - OND,BROOK STREET (UK) LTD,4027884,768.44
Department of Energy and Climate Change,Department of Energy and Climate Change,30-Aug-2011,Hire of Agency Staff (Clerical/Secretariat/Other),Operations - Nuclear Decommissioning & Security,BROOK STREET (UK) LTD,4027886,905.34
Department of Energy and Climate Change,Department of Energy and Climate Change,26-Aug-2011,Hire of Agency Staff (Clerical/Secretariat/Other),Operations - Finance and Procurement,BROOK STREET (UK) LTD,4027887,568.04
Department of Energy and Climate Change,Department of Energy and Climate Change,26-Aug-2011,Advertising,Operations - HR,COI COMMUNICATIONS,4027894,"10,702.57"
Department of Energy and Climate Change,Department of Energy and Climate Change,26-Aug-2011,Consultancy Advice Provided From Third Parties,EMI - OCCS,CAPITA SYMONDS LTD,4027895,"10,800.00"
Department of Energy and Climate Change,Department of Energy and Climate Change,30-Aug-2011,Coal Provision Payments Suspense,EMI - Energy Development,DECC COAL CENTRAL ACCOUNT,4027898,"346,000.00"
Department of Energy and Climate Change,Department of Energy and Climate Change,26-Aug-2011,Outsourced Technical Support (Programme),SEG Including Strategy - Energy Innovation Policy,MET OFFICE,4027902,"9,904.00"
Department of Energy and Climate Change,Department of Energy and Climate Change,26-Aug-2011,Technical Advice,EMI - OCCS,PARSONS BRINCKERHOFF LTD,4027903,"21,820.17"
Department of Energy and Climate Change,Department of Energy and Climate Change,26-Aug-2011,Technical Advice,EMI - OCCS,KPMG LLP,4027904,"88,609.67"
Department of Energy and Climate Change,Department of Energy and Climate Change,26-Aug-2011,Capital Grants - Other,ICCEE - Fuel Poverty & Smart Meters,CARILLION ENERGY SERVICES LTD,4027905,"348,182.56"
Department of Energy and Climate Change,Department of Energy and Climate Change,26-Aug-2011,Salaries - Secondees (Programme),EMI - OND,PINSENT MASONS LLP,4027906,"3,300.00"
Department of Energy and Climate Change,Department of Energy and Climate Change,31-Aug-2011,Other UK Travel & Subsistence,Operations - HR,HM TREASURY,4027908,"4,500.00"
Department of Energy and Climate Change,Department of Energy and Climate Change,26-Aug-2011,Capital Grants - Other,ICCEE - Fuel Poverty & Smart Meters,CARILLION ENERGY SERVICES LTD,4027910,"1,456,053.61"
Department of Energy and Climate Change,Department of Energy and Climate Change,26-Aug-2011,Capital Grants to Private Sector - Own Asset Creation,ICCEE - Fuel Poverty & Smart Meters,CARILLION ENERGY SERVICES LTD,4027911,"929,166.67"
Department of Energy and Climate Change,Department of Energy and Climate Change,30-Aug-2011,External Training,Operations - HR,ILX GROUP PLC,4027912,"1,165.50"
Department of Energy and Climate Change,Department of Energy and Climate Change,26-Aug-2011,Cash Expenditure during the Year - Other Health Related Provisions,EMI - Energy Development,PRICEWATERHOUSECOOPERS LLP,4027913,"3,756.70"
Department of Energy and Climate Change,Department of Energy and Climate Change,26-Aug-2011,Technical Advice,EMI - OCCS,GREEN PARK INTERIM & EXECUTIVE LTD,4027915,"22,214.25"
Department of Energy and Climate Change,Department of Energy and Climate Change,26-Aug-2011,Payment for Shared Services,ICCEE - Green Deal,BRITISH STANDARDS INSTITUTION (BSI),4027916,"4,800.00"
Department of Energy and Climate Change,Department of Energy and Climate Change,26-Aug-2011,IT Software Licences,SEG Including Strategy - Energy Innovation Policy,THE MATHWORKS LTD,4027917,856.8
Department of Energy and Climate Change,Department of Energy and Climate Change,26-Aug-2011,External Training,EMI - OND,PINSENT MASONS LLP,4027918,"1,200.00"
Department of Energy and Climate Change,Department of Energy and Climate Change,30-Aug-2011,Consultancy Advice Provided From Third Parties,ICCEE - Fuel Poverty & Smart Meters,NETWORKERS RECRUITMENT SERVICES LTD T/A NETWORKERS INTERNATIONAL PLC,4027920,"10,505.10"
Department of Energy and Climate Change,Department of Energy and Climate Change,30-Aug-2011,Project Management Costs (Programme),ICCEE - Fuel Poverty & Smart Meters,NETWORKERS RECRUITMENT SERVICES LTD T/A NETWORKERS INTERNATIONAL PLC,4027922,"5,017.68"
Department of Energy and Climate Change,Department of Energy and Climate Change,31-Aug-2011,Stationery,Operations - Finance and Procurement,OFFICE DEPOT UK LTD,4027926,"1,723.68"
Department of Energy and Climate Change,Department of Energy and Climate Change,30-Aug-2011,Other IT Costs (Programme),Operations - Communications,E CHRISTIAN & COMPANY LTD T/A EC GROUP,4027927,905.36
Department of Energy and Climate Change,Department of Energy and Climate Change,30-Aug-2011,Outsourced Programme Management Services,EMI - Energy Development,MARITIME AND COASTGUARD AGENCY MCA,4027928,"32,682.66"
Department of Energy and Climate Change,Department of Energy and Climate Change,30-Aug-2011,Payment for Shared Services,ICCEE - Green Deal,BRITISH STANDARDS INSTITUTION (BSI),4027930,"22,800.00"
Department of Energy and Climate Change,Department of Energy and Climate Change,30-Aug-2011,Hire of Conference Facilities (Programme),ICCEE - Fuel Poverty & Smart Meters,IET SERVICES LTD T/A THE INSTITUTION OF ENGINEERING AND TECHNOLOGY,4027931,525.6
Department of Energy and Climate Change,Department of Energy and Climate Change,30-Aug-2011,Standard Desktop Services,Central Budgets - Central Budgets,FUJITSU SERVICES LTD,4027932,"88,732.52"
Department of Energy and Climate Change,Department of Energy and Climate Change,30-Aug-2011,Hire of Conference Facilities (Programme),ICCEE - Fuel Poverty & Smart Meters,IET SERVICES LTD T/A THE INSTITUTION OF ENGINEERING AND TECHNOLOGY,4027934,817.2
Department of Energy and Climate Change,Department of Energy and Climate Change,30-Aug-2011,Hire of Conference Facilities (Programme),ICCEE - Fuel Poverty & Smart Meters,IET SERVICES LTD T/A THE INSTITUTION OF ENGINEERING AND TECHNOLOGY,4027936,540
Department of Energy and Climate Change,Department of Energy and Climate Change,30-Aug-2011,Hire of Conference Facilities (Programme),ICCEE - Fuel Poverty & Smart Meters,IET SERVICES LTD T/A THE INSTITUTION OF ENGINEERING AND TECHNOLOGY,4027939,"1,098.00"
Department of Energy and Climate Change,Department of Energy and Climate Change,30-Aug-2011,Hire of Conference Facilities (Programme),ICCEE - Fuel Poverty & Smart Meters,IET SERVICES LTD T/A THE INSTITUTION OF ENGINEERING AND TECHNOLOGY,4027941,540
Department of Energy and Climate Change,Department of Energy and Climate Change,30-Aug-2011,Hire of Conference Facilities (Programme),ICCEE - Fuel Poverty & Smart Meters,IET SERVICES LTD T/A THE INSTITUTION OF ENGINEERING AND TECHNOLOGY,4027946,672
Department of Energy and Climate Change,Department of Energy and Climate Change,30-Aug-2011,Hire of Conference Facilities (Programme),ICCEE - Fuel Poverty & Smart Meters,IET SERVICES LTD T/A THE INSTITUTION OF ENGINEERING AND TECHNOLOGY,4027950,540
Department of Energy and Climate Change,Department of Energy and Climate Change,30-Aug-2011,Hire of Conference Facilities (Programme),ICCEE - Fuel Poverty & Smart Meters,IET SERVICES LTD T/A THE INSTITUTION OF ENGINEERING AND TECHNOLOGY,4027951,672
Department of Energy and Climate Change,Department of Energy and Climate Change,30-Aug-2011,Hire of Conference Facilities (Programme),ICCEE - Fuel Poverty & Smart Meters,IET SERVICES LTD T/A THE INSTITUTION OF ENGINEERING AND TECHNOLOGY,4027952,540
Department of Energy and Climate Change,Department of Energy and Climate Change,30-Aug-2011,Hire of Agency Staff (Professional/Management),Operations - Finance and Procurement,ALLEN LANE LTD,4027953,"2,658.00"
Department of Energy and Climate Change,Department of Energy and Climate Change,31-Aug-2011,Hire of Agency Staff (Professional/Management),Operations - Finance and Procurement,MICHAEL PAGE INTERNATIONAL RECRUITMENT LTD,4027957,"2,942.28"
Department of Energy and Climate Change,Department of Energy and Climate Change,31-Aug-2011,Hire of Agency Staff (Professional/Management),Operations - Finance and Procurement,MICHAEL PAGE INTERNATIONAL RECRUITMENT LTD,4027958,720
Department of Energy and Climate Change,Department of Energy and Climate Change,31-Aug-2011,Application Support Service,Operations - Finance and Procurement,PARITY RESOURCES LTD,4027960,"1,454.44"
Department of Energy and Climate Change,Department of Energy and Climate Change,31-Aug-2011,External Training,EMI - OND,PINSENT MASONS LLP,4027961,"1,200.00"
Department of Energy and Climate Change,Department of Energy and Climate Change,31-Aug-2011,Hire of Agency Staff (Professional/Management),Operations - Finance and Procurement,TFPL LTD,4027962,"2,400.00"
Department of Energy and Climate Change,Department of Energy and Climate Change,31-Aug-2011,Hire of Agency Staff (Professional/Management),Operations - Finance and Procurement,TFPL LTD,4027963,"1,440.00"
Department of Energy and Climate Change,Department of Energy and Climate Change,31-Aug-2011,Hire of Agency Staff (Professional/Management),Operations - Finance and Procurement,TFPL LTD,4027964,"2,400.00"
Department of Energy and Climate Change,Department of Energy and Climate Change,31-Aug-2011,Hire of Agency Staff (Professional/Management),Operations - Finance and Procurement,TFPL LTD,4027967,"2,400.00"
Department of Energy and Climate Change,Department of Energy and Climate Change,31-Aug-2011,Hire of Agency Staff (Professional/Management),Operations - Finance and Procurement,TFPL LTD,4027969,"2,400.00"
Department of Energy and Climate Change,Department of Energy and Climate Change,31-Aug-2011,Hire of Agency Staff (Professional/Management),Operations - Finance and Procurement,TFPL LTD,4027970,"2,400.00"
