Department,Entity,Payment date,Expense Type,Expense Area,Supplier,Transaction No,Amount
BIS,HEFCE,01/09/2012,JISC,JISC NAH,BUFVC,GPROSTD326488,"152,875.00"
BIS,HEFCE,01/09/2012,SDF Recurrent,RIS policy team,Council for Industry,PIG6586,"25,000.00"
BIS,HEFCE,01/09/2012,JISC,JISC NAH,Edinburgh University,GPROSTD326511,"614,084.00"
BIS,HEFCE,01/09/2012,SDF Capital Research,RIS policy team,EPSRC,PIG6552,"26,573.94"
BIS,HEFCE,01/09/2012,SDF Capital Research,RIS policy team,EPSRC,PIG6554,"42,788.32"
BIS,HEFCE,01/09/2012,SDF Capital Research,RIS policy team,EPSRC,PIG6555,"26,676.93"
BIS,HEFCE,01/09/2012,SDF Capital Research,RIS policy team,EPSRC,PIG6568,"30,928.55"
BIS,HEFCE,01/09/2012,SDF Capital Research,RIS policy team,EPSRC,PIG6570,"42,156.00"
BIS,HEFCE,01/09/2012,SDF Capital Research,RIS policy team,EPSRC,PIG6571,"26,804.15"
BIS,HEFCE,01/09/2012,SDF Recurrent,RIS policy team,ESRC,PIG6590,"140,000.00"
BIS,HEFCE,01/09/2012,SDF Recurrent,RIS policy team,ESRC,PIG6591,"161,912.00"
BIS,HEFCE,01/09/2012,Open Educational Res,E&P policy team,HE Academy,GPROSTD326495,"30,000.00"
BIS,HEFCE,01/09/2012,Open Educational Res,E&P policy team,HE Academy,GPROSTD326499,"122,500.00"
BIS,HEFCE,01/09/2012,Open Educational Res,E&P policy team,HE Academy,GPROSTD326500,"145,175.00"
BIS,HEFCE,01/09/2012,Open Educational Res,E&P policy team,HE Academy,GPROSTD326502,"132,090.00"
BIS,HEFCE,01/09/2012,Open Educational Res,E&P policy team,HE Academy,GPROSTD326503,"150,000.00"
BIS,HEFCE,01/09/2012,Open Educational Res,E&P policy team,HE Academy,GPROSTD326504,"84,650.00"
BIS,HEFCE,01/09/2012,Open Educational Res,E&P policy team,HE Academy,GPROSTD326505,"92,784.00"
BIS,HEFCE,01/09/2012,Open Educational Res,E&P policy team,HE Academy,GPROSTD326506,"79,433.00"
BIS,HEFCE,01/09/2012,Open Educational Res,E&P policy team,HE Academy,GPROSTD326507,"42,650.00"
BIS,HEFCE,01/09/2012,Open Educational Res,E&P policy team,HE Academy,GPROSTD326508,"30,000.00"
BIS,HEFCE,01/09/2012,SDF Recurrent,RIS policy team,Imperial College,GPROSTD326455,"27,852.00"
BIS,HEFCE,01/09/2012,JISC,JISC NAH,JISC Advance,GPROSTD326485,"2,650,716.00"
BIS,HEFCE,01/09/2012,JISC,JISC NAH,JISC Collections,GPROSTD326486,"511,746.00"
BIS,HEFCE,01/09/2012,Inherited Staff,Finance,Lancashire LEA,GPROSTD326432,"48,561.78"
BIS,HEFCE,01/09/2012,Inherited Staff,Finance,Leeds LEA,GPROSTD326429,"104,467.99"
BIS,HEFCE,01/09/2012,Inherited Staff,Finance,Leics LEA,GPROSTD326438,"83,547.67"
BIS,HEFCE,01/09/2012,Inherited Staff,Finance,Manchester LEA,GPROSTD326440,"115,946.09"
BIS,HEFCE,01/09/2012,Voluntary Giving,Finance,More Partnership Ltd,PIG6508,"31,847.53"
BIS,HEFCE,01/09/2012,SDF Recurrent,RIS policy team,NACUE Ltd,PIG6587,"38,000.00"
BIS,HEFCE,01/09/2012,Inherited Staff,Finance,Notts LEA,GPROSTD326430,"46,136.78"
BIS,HEFCE,01/09/2012,SPA,E&P policy team,UCAS,GPROSTD326434,"64,425.00"
BIS,HEFCE,01/09/2012,Quality Assurance,E&P policy team,UCAS Media Ltd,PIG6585,"44,107.20"
BIS,HEFCE,01/09/2012,JISC,JISC NAH,Uni of Manchester,GPROSTD326487,"501,068.00"
BIS,HEFCE,01/09/2012,JISC,JISC NAH,University of Bath,GPROSTD326490,"61,440.00"
BIS,HEFCE,01/09/2012,JISC,JISC NAH,University of Kent,GPROSTD326489,"131,435.00"
BIS,HEFCE,01/09/2012,JISC,JISC NAH,University of Oxford,GPROSTD326491,"56,520.00"
BIS,HEFCE,04/09/2012,Payroll control,Running costs,Cabinet Office PCSPS,PIS2157,"169,922.96"
BIS,HEFCE,18/09/2012,Offsite premises,JISC KCL,King's College,PIS2180,"101,990.82"
BIS,HEFCE,18/09/2012,Offsite premises,JISC KCL,King's College,PIS2182,"116,154.00"
BIS,HEFCE,18/09/2012,Premises costs,Facilities Managemen,Uni West of England,PIS2175,"221,772.44"
BIS,HEFCE,20/09/2012,Teaching 12-13,E&P policy team,Accrington,GPROSTD318777,"112,984.00"
BIS,HEFCE,20/09/2012,Teaching 12-13,E&P policy team,Anglia Ruskin Uni,GPROSTD318795,"3,888,091.00"
BIS,HEFCE,20/09/2012,Research 12-13,RIS policy team,Anglia Ruskin Uni,GPROSTD321603,"166,707.00"
BIS,HEFCE,20/09/2012,HEIF 2011-15,RIS policy team,Anglia Ruskin Uni,GPROSTD322712,"144,076.00"
BIS,HEFCE,20/09/2012,Teaching 12-13,E&P policy team,Arts Uni Bournemouth,GPROSTD318804,"963,367.00"
BIS,HEFCE,20/09/2012,Teaching 12-13,E&P policy team,Askham Bryan College,GPROSTD318822,"206,939.00"
BIS,HEFCE,20/09/2012,Teaching 12-13,E&P policy team,Aston University,GPROSTD318831,"2,791,492.00"
BIS,HEFCE,20/09/2012,Research 12-13,RIS policy team,Aston University,GPROSTD321621,"950,167.00"
BIS,HEFCE,20/09/2012,HEIF 2011-15,RIS policy team,Aston University,GPROSTD322724,"140,796.00"
BIS,HEFCE,20/09/2012,Teaching 12-13,E&P policy team,Barking and Dagenham,GPROSTD318849,"78,479.00"
BIS,HEFCE,20/09/2012,Inherited Staff,Finance,Barking LEA,GPROSTD314123,"82,106.00"
BIS,HEFCE,20/09/2012,Inherited Staff,Finance,Barnet LEA,GPROSTD314124,"79,108.00"
BIS,HEFCE,20/09/2012,Teaching 12-13,E&P policy team,Basingstoke College,GPROSTD318885,"51,801.00"
BIS,HEFCE,20/09/2012,Inherited Staff,Finance,Bath LEA,GPROSTD314122,"63,158.00"
BIS,HEFCE,20/09/2012,Teaching 12-13,E&P policy team,Bath Spa University,GPROSTD318894,"1,951,003.00"
BIS,HEFCE,20/09/2012,Research 12-13,RIS policy team,Bath Spa University,GPROSTD321630,"86,578.00"
BIS,HEFCE,20/09/2012,Teaching 12-13,E&P policy team,Bedford College,GPROSTD318912,"84,771.00"
BIS,HEFCE,20/09/2012,Teaching 12-13,E&P policy team,Birkbeck College,GPROSTD318957,"2,500,694.00"
BIS,HEFCE,20/09/2012,Research 12-13,RIS policy team,Birkbeck College,GPROSTD321648,"1,638,596.00"
BIS,HEFCE,20/09/2012,HEIF 2011-15,RIS policy team,Birkbeck College,GPROSTD322748,"53,378.00"
BIS,HEFCE,20/09/2012,Teaching 12-13,E&P policy team,Birmingham City Univ,GPROSTD319254,"4,495,794.00"
BIS,HEFCE,20/09/2012,Research 12-13,RIS policy team,Birmingham City Univ,GPROSTD321765,"257,310.00"
BIS,HEFCE,20/09/2012,HEIF 2011-15,RIS policy team,Birmingham City Univ,GPROSTD322892,"107,749.00"
BIS,HEFCE,20/09/2012,Inherited Staff,Finance,Birmingham LEA,GPROSTD314127,"57,839.00"
BIS,HEFCE,20/09/2012,Teaching 12-13,E&P policy team,Birmingham Met Coll,GPROSTD318984,"52,372.00"
BIS,HEFCE,20/09/2012,Teaching 12-13,E&P policy team,Bishop Burton,GPROSTD319002,"330,127.00"
BIS,HEFCE,20/09/2012,Teaching 12-13,E&P policy team,Bishop Gros Uni Coll,GPROSTD318993,"446,283.00"
BIS,HEFCE,20/09/2012,Teaching 12-13,E&P policy team,Blackburn College,GPROSTD319011,"932,862.00"
BIS,HEFCE,20/09/2012,Teaching 12-13,E&P policy team,Blackpool College,GPROSTD319020,"980,060.00"
BIS,HEFCE,20/09/2012,Teaching 12-13,E&P policy team,Bolton College,GPROSTD319029,"31,403.00"
BIS,HEFCE,20/09/2012,Teaching 12-13,E&P policy team,Bournemouth Uni,GPROSTD319056,"4,143,439.00"
BIS,HEFCE,20/09/2012,Research 12-13,RIS policy team,Bournemouth Uni,GPROSTD321684,"300,340.00"
BIS,HEFCE,20/09/2012,HEIF 2011-15,RIS policy team,Bournemouth Uni,GPROSTD322784,"53,417.00"
BIS,HEFCE,20/09/2012,Teaching 12-13,E&P policy team,Bradford College,GPROSTD319074,"769,672.00"
BIS,HEFCE,20/09/2012,Inherited Staff,Finance,Bradford LEA,GPROSTD314129,"29,471.00"
BIS,HEFCE,20/09/2012,Teaching 12-13,E&P policy team,Bridgwater College,GPROSTD319092,"67,510.00"
BIS,HEFCE,20/09/2012,Teaching 12-13,E&P policy team,Brooklands College,GPROSTD319137,"33,830.00"
BIS,HEFCE,20/09/2012,Teaching 12-13,E&P policy team,Brunel University,GPROSTD319155,"3,887,805.00"
BIS,HEFCE,20/09/2012,Research 12-13,RIS policy team,Brunel University,GPROSTD321720,"1,827,298.00"
BIS,HEFCE,20/09/2012,HEIF 2011-15,RIS policy team,Brunel University,GPROSTD322832,"93,669.00"
BIS,HEFCE,20/09/2012,Inherited Staff,Finance,Bucks County Council,GPROSTD314132,"35,458.00"
BIS,HEFCE,20/09/2012,Teaching 12-13,E&P policy team,Bucks New University,GPROSTD319164,"2,086,099.00"
BIS,HEFCE,20/09/2012,Research 12-13,RIS policy team,Bucks New University,GPROSTD321729,"39,605.00"
BIS,HEFCE,20/09/2012,HEIF 2011-15,RIS policy team,Bucks New University,GPROSTD322844,"63,028.00"
BIS,HEFCE,20/09/2012,Teaching 12-13,E&P policy team,Calderdale College,GPROSTD319182,"74,578.00"
BIS,HEFCE,20/09/2012,Teaching 12-13,E&P policy team,Canterbury CCUC,GPROSTD319209,"2,711,219.00"
BIS,HEFCE,20/09/2012,Research 12-13,RIS policy team,Canterbury CCUC,GPROSTD321747,"151,755.00"
BIS,HEFCE,20/09/2012,HEIF 2011-15,RIS policy team,Canterbury CCUC,GPROSTD322868,"73,169.00"
BIS,HEFCE,20/09/2012,Teaching 12-13,E&P policy team,Carlisle College,GPROSTD319236,"66,726.00"
BIS,HEFCE,20/09/2012,Teaching 12-13,E&P policy team,Central Sussex Coll,GPROSTD319281,"78,143.00"
BIS,HEFCE,20/09/2012,Inherited Staff,Finance,Cheshire West,GPROSTD314134,"38,475.00"
BIS,HEFCE,20/09/2012,Teaching 12-13,E&P policy team,Chesterfield College,GPROSTD319299,"154,109.00"
BIS,HEFCE,20/09/2012,Teaching 12-13,E&P policy team,Chichester College,GPROSTD319308,"48,138.00"
BIS,HEFCE,20/09/2012,Teaching 12-13,E&P policy team,City Coll Coventry,GPROSTD319353,"37,305.00"
BIS,HEFCE,20/09/2012,Teaching 12-13,E&P policy team,City Coll Plymouth,GPROSTD320712,"27,607.00"
BIS,HEFCE,20/09/2012,Teaching 12-13,E&P policy team,City of Bath College,GPROSTD319371,"31,556.00"
BIS,HEFCE,20/09/2012,Teaching 12-13,E&P policy team,City of Bristol Coll,GPROSTD319398,"25,149.00"
BIS,HEFCE,20/09/2012,Teaching 12-13,E&P policy team,City of Sunderland C,GPROSTD319362,"124,445.00"
BIS,HEFCE,20/09/2012,Teaching 12-13,E&P policy team,City of Westminster,GPROSTD319335,"84,251.00"
BIS,HEFCE,20/09/2012,Teaching 12-13,E&P policy team,City University,GPROSTD319380,"2,399,005.00"
BIS,HEFCE,20/09/2012,Research 12-13,RIS policy team,City University,GPROSTD321810,"1,571,119.00"
BIS,HEFCE,20/09/2012,HEIF 2011-15,RIS policy team,City University,GPROSTD322940,"139,492.00"
BIS,HEFCE,20/09/2012,Teaching 12-13,E&P policy team,Cleveland College,GPROSTD319416,"211,654.00"
BIS,HEFCE,20/09/2012,Teaching 12-13,E&P policy team,Conservatoire D&D,GPROSTD319434,"1,276,644.00"
BIS,HEFCE,20/09/2012,HEIF 2011-15,RIS policy team,Conservatoire D&D,GPROSTD322952,"31,238.00"
BIS,HEFCE,20/09/2012,Teaching 12-13,E&P policy team,Cornwall College,GPROSTD319443,"37,391.00"
BIS,HEFCE,20/09/2012,SDF Recurrent,RIS policy team,Council for Industry,PIG6598,"25,500.00"
BIS,HEFCE,20/09/2012,Teaching 12-13,E&P policy team,Courtauld Institute,GPROSTD319452,"125,682.00"
BIS,HEFCE,20/09/2012,Research 12-13,RIS policy team,Courtauld Institute,GPROSTD321819,"183,587.00"
BIS,HEFCE,20/09/2012,"Museums, Gal & Coll",RIS policy team,Courtauld Institute,GPROSTD323948,"80,385.00"
BIS,HEFCE,20/09/2012,Inherited Staff,Finance,Coventry LEA,GPROSTD314135,"28,803.00"
BIS,HEFCE,20/09/2012,Teaching 12-13,E&P policy team,Coventry University,GPROSTD319461,"5,450,684.00"
BIS,HEFCE,20/09/2012,Research 12-13,RIS policy team,Coventry University,GPROSTD321828,"297,189.00"
BIS,HEFCE,20/09/2012,HEIF 2011-15,RIS policy team,Coventry University,GPROSTD322964,"237,405.00"
BIS,HEFCE,20/09/2012,Teaching 12-13,E&P policy team,Cranfield University,GPROSTD319479,"1,367,291.00"
BIS,HEFCE,20/09/2012,Research 12-13,RIS policy team,Cranfield University,GPROSTD321837,"1,934,864.00"
BIS,HEFCE,20/09/2012,HEIF 2011-15,RIS policy team,Cranfield University,GPROSTD322976,"237,405.00"
BIS,HEFCE,20/09/2012,Teaching 12-13,E&P policy team,Craven College,GPROSTD319470,"61,006.00"
BIS,HEFCE,20/09/2012,Teaching 12-13,E&P policy team,Croydon College,GPROSTD319497,"295,670.00"
BIS,HEFCE,20/09/2012,Teaching 12-13,E&P policy team,CSSD,GPROSTD319272,"624,078.00"
BIS,HEFCE,20/09/2012,Research 12-13,RIS policy team,CSSD,GPROSTD321783,"52,044.00"
BIS,HEFCE,20/09/2012,Teaching 12-13,E&P policy team,Dearne Valley Coll,GPROSTD319515,"47,066.00"
BIS,HEFCE,20/09/2012,Teaching 12-13,E&P policy team,De Montfort Uni,GPROSTD319524,"5,137,833.00"
BIS,HEFCE,20/09/2012,Research 12-13,RIS policy team,De Montfort Uni,GPROSTD321864,"692,206.00"
BIS,HEFCE,20/09/2012,HEIF 2011-15,RIS policy team,De Montfort Uni,GPROSTD322988,"85,343.00"
BIS,HEFCE,20/09/2012,Teaching 12-13,E&P policy team,Derby College,GPROSTD319542,"42,129.00"
BIS,HEFCE,20/09/2012,Inherited Staff,Finance,Devon LEA,GPROSTD314140,"35,146.00"
BIS,HEFCE,20/09/2012,Teaching 12-13,E&P policy team,Doncaster College,GPROSTD319551,"293,720.00"
BIS,HEFCE,20/09/2012,Inherited Staff,Finance,Dorset LEA,GPROSTD314142,"25,768.00"
BIS,HEFCE,20/09/2012,Teaching 12-13,E&P policy team,Dudley Coll of Tech,GPROSTD319560,"66,912.00"
BIS,HEFCE,20/09/2012,Teaching 12-13,E&P policy team,Ealing Ham  & W Lond,GPROSTD319578,"46,003.00"
BIS,HEFCE,20/09/2012,Teaching 12-13,E&P policy team,Eastleigh College,GPROSTD319614,"37,365.00"
BIS,HEFCE,20/09/2012,Inherited Staff,Finance,East Riding,GPROSTD314146,"51,645.00"
BIS,HEFCE,20/09/2012,Teaching 12-13,E&P policy team,East Riding College,GPROSTD319623,"61,432.00"
BIS,HEFCE,20/09/2012,Inherited Staff,Finance,East Sussex LEA,GPROSTD314147,"82,977.00"
BIS,HEFCE,20/09/2012,Equal opportunities,LGM,ECU,PIG6595,"78,209.00"
BIS,HEFCE,20/09/2012,Teaching 12-13,E&P policy team,Edge Hill University,GPROSTD319632,"2,794,119.00"
BIS,HEFCE,20/09/2012,Research 12-13,RIS policy team,Edge Hill University,GPROSTD321909,"40,800.00"
BIS,HEFCE,20/09/2012,FE ITT Bursaries,E&P policy team,Edge Hill University,GPROSTD326433,"300,000.00"
BIS,HEFCE,20/09/2012,Teaching 12-13,E&P policy team,Exeter College,GPROSTD319659,"43,502.00"
BIS,HEFCE,20/09/2012,Teaching 12-13,E&P policy team,Farnborough College,GPROSTD319695,"295,890.00"
BIS,HEFCE,20/09/2012,Teaching 12-13,E&P policy team,Gateshead College,GPROSTD319713,"152,551.00"
BIS,HEFCE,20/09/2012,Teaching 12-13,E&P policy team,Gloucestershire Coll,GPROSTD319731,"157,009.00"
BIS,HEFCE,20/09/2012,Teaching 12-13,E&P policy team,Goldsmiths College,GPROSTD319740,"1,670,347.00"
BIS,HEFCE,20/09/2012,Research 12-13,RIS policy team,Goldsmiths College,GPROSTD321963,"1,314,355.00"
BIS,HEFCE,20/09/2012,HEIF 2011-15,RIS policy team,Goldsmiths College,GPROSTD323108,"27,585.00"
BIS,HEFCE,20/09/2012,Teaching 12-13,E&P policy team,Grimsby Institute,GPROSTD319758,"650,350.00"
BIS,HEFCE,20/09/2012,Teaching 12-13,E&P policy team,Guildford College,GPROSTD319767,"193,247.00"
BIS,HEFCE,20/09/2012,SDF Recurrent,RIS policy team,Guildhall Sch M & D,GPROSTD311935,"56,000.00"
BIS,HEFCE,20/09/2012,Teaching 12-13,E&P policy team,Guildhall Sch M & D,GPROSTD319776,"283,636.00"
BIS,HEFCE,20/09/2012,Research 12-13,RIS policy team,Guildhall Sch M & D,GPROSTD321981,"36,648.00"
BIS,HEFCE,20/09/2012,HEIF 2011-15,RIS policy team,Guildhall Sch M & D,GPROSTD323132,"25,437.00"
BIS,HEFCE,20/09/2012,Inherited Staff,Finance,Hampshire LEA,GPROSTD314150,"94,607.00"
BIS,HEFCE,20/09/2012,Teaching 12-13,E&P policy team,Harper Adams Uni Col,GPROSTD319830,"1,859,810.00"
BIS,HEFCE,20/09/2012,Research 12-13,RIS policy team,Harper Adams Uni Col,GPROSTD321990,"45,762.00"
BIS,HEFCE,20/09/2012,Teaching 12-13,E&P policy team,Hartpury College,GPROSTD319839,"70,305.00"
BIS,HEFCE,20/09/2012,Teaching 12-13,E&P policy team,Havering College,GPROSTD319857,"444,679.00"
BIS,HEFCE,20/09/2012,Aimhigher 2008-11,E&P policy team,HE Academy,GPROSTD326515,"63,000.00"
BIS,HEFCE,20/09/2012,Teaching 12-13,E&P policy team,Henley College,GPROSTD319866,"74,838.00"
BIS,HEFCE,20/09/2012,Teaching 12-13,E&P policy team,Hereford Coll of Art,GPROSTD319875,"139,574.00"
BIS,HEFCE,20/09/2012,Inherited Staff,Finance,Hertfordshire LEA,GPROSTD314152,"31,201.00"
BIS,HEFCE,20/09/2012,Teaching 12-13,E&P policy team,Heythrop College,GPROSTD319902,"144,638.00"
BIS,HEFCE,20/09/2012,Teaching 12-13,E&P policy team,Highbury College,GPROSTD319911,"74,780.00"
BIS,HEFCE,20/09/2012,Teaching 12-13,E&P policy team,Hopwood Hall College,GPROSTD319929,"61,015.00"
BIS,HEFCE,20/09/2012,Teaching 12-13,E&P policy team,Hull College,GPROSTD319956,"586,760.00"
BIS,HEFCE,20/09/2012,Teaching 12-13,E&P policy team,Hull College,GPROSTD325023,"27,271.00"
BIS,HEFCE,20/09/2012,SDF Recurrent,RIS policy team,Imperial College,GPROSTD186975,"28,563.00"
BIS,HEFCE,20/09/2012,SDF Recurrent,RIS policy team,Imperial College,GPROSTD190715,"28,564.00"
BIS,HEFCE,20/09/2012,SDF Recurrent,RIS policy team,Imperial College,GPROSTD229076,"28,562.00"
BIS,HEFCE,20/09/2012,SDF Recurrent,RIS policy team,Imperial College,GPROSTD250022,"28,563.00"
BIS,HEFCE,20/09/2012,SDF Recurrent,RIS policy team,Imperial College,GPROSTD259714,"29,405.00"
BIS,HEFCE,20/09/2012,Teaching 12-13,E&P policy team,Imperial College,GPROSTD319974,"7,403,862.00"
BIS,HEFCE,20/09/2012,Research 12-13,RIS policy team,Imperial College,GPROSTD322035,"16,038,951.00"
BIS,HEFCE,20/09/2012,HEIF 2011-15,RIS policy team,Imperial College,GPROSTD323180,"237,405.00"
BIS,HEFCE,20/09/2012,SDF Recurrent,RIS policy team,Imperial College,GPROSTD326465,"25,000.00"
BIS,HEFCE,20/09/2012,Teaching 12-13,E&P policy team,Inst Cancer Research,GPROSTD319218,"105,547.00"
BIS,HEFCE,20/09/2012,Research 12-13,RIS policy team,Inst Cancer Research,GPROSTD321756,"2,687,723.00"
BIS,HEFCE,20/09/2012,HEIF 2011-15,RIS policy team,Inst Cancer Research,GPROSTD322880,"58,570.00"
BIS,HEFCE,20/09/2012,Teaching 12-13,E&P policy team,Inst of Education,GPROSTD319641,"544,353.00"
BIS,HEFCE,20/09/2012,Research 12-13,RIS policy team,Inst of Education,GPROSTD321918,"1,266,475.00"
BIS,HEFCE,20/09/2012,HEIF 2011-15,RIS policy team,Inst of Education,GPROSTD323048,"85,052.00"
BIS,HEFCE,20/09/2012,Quality Assurance,E&P policy team,Ipsos UK Ltd,PIG6593,"396,876.00"
BIS,HEFCE,20/09/2012,Quality Assurance,E&P policy team,Ipsos UK Ltd,PIG6594,"138,000.00"
BIS,HEFCE,20/09/2012,JISC,JISC NAH,JANET UK,GPROSTD326517,"2,971,773.00"
BIS,HEFCE,20/09/2012,SS UMF,Finance,JISC Advance,GPROSTD312840,"82,875.00"
BIS,HEFCE,20/09/2012,SS UMF,Finance,JISC Collections,GPROSTD324749,"33,486.00"
BIS,HEFCE,20/09/2012,SDF Recurrent,RIS policy team,Keele University,GPROSTD263351,"121,139.00"
BIS,HEFCE,20/09/2012,Teaching 12-13,E&P policy team,Keele University,GPROSTD319983,"2,753,890.00"
BIS,HEFCE,20/09/2012,Research 12-13,RIS policy team,Keele University,GPROSTD322044,"996,232.00"
BIS,HEFCE,20/09/2012,HEIF 2011-15,RIS policy team,Keele University,GPROSTD323192,"62,255.00"
BIS,HEFCE,20/09/2012,SDF Recurrent,RIS policy team,King's College,GPROSTD188629,"28,562.00"
BIS,HEFCE,20/09/2012,SDF Recurrent,RIS policy team,King's College,GPROSTD190573,"28,563.00"
BIS,HEFCE,20/09/2012,SDF Recurrent,RIS policy team,King's College,GPROSTD218734,"28,562.00"
BIS,HEFCE,20/09/2012,SDF Recurrent,RIS policy team,King's College,GPROSTD259804,"29,405.00"
BIS,HEFCE,20/09/2012,Teaching 12-13,E&P policy team,King's College,GPROSTD320028,"9,441,344.00"
BIS,HEFCE,20/09/2012,Research 12-13,RIS policy team,King's College,GPROSTD322062,"9,316,834.00"
BIS,HEFCE,20/09/2012,HEIF 2011-15,RIS policy team,King's College,GPROSTD323216,"237,405.00"
BIS,HEFCE,20/09/2012,Teaching 12-13,E&P policy team,Kingston College,GPROSTD320019,"66,338.00"
BIS,HEFCE,20/09/2012,Teaching 12-13,E&P policy team,Kingston University,GPROSTD320037,"7,255,876.00"
BIS,HEFCE,20/09/2012,Research 12-13,RIS policy team,Kingston University,GPROSTD322071,"495,493.00"
BIS,HEFCE,20/09/2012,HEIF 2011-15,RIS policy team,Kingston University,GPROSTD323228,"75,891.00"
BIS,HEFCE,20/09/2012,Teaching 12-13,E&P policy team,Kirklees College,GPROSTD320055,"97,914.00"
BIS,HEFCE,20/09/2012,Inherited Staff,Finance,Kirklees LEA,GPROSTD314156,"32,380.00"
BIS,HEFCE,20/09/2012,Teaching 12-13,E&P policy team,Lakes College,GPROSTD320073,"140,498.00"
BIS,HEFCE,20/09/2012,Inherited Staff,Finance,Lancashire LEA,GPROSTD314157,"55,075.00"
BIS,HEFCE,20/09/2012,SDF Recurrent,RIS policy team,Lancaster University,GPROSTD314796,"32,955.00"
BIS,HEFCE,20/09/2012,Teaching 12-13,E&P policy team,Lancaster University,GPROSTD320082,"2,834,171.00"
BIS,HEFCE,20/09/2012,Research 12-13,RIS policy team,Lancaster University,GPROSTD322080,"2,868,109.00"
BIS,HEFCE,20/09/2012,HEIF 2011-15,RIS policy team,Lancaster University,GPROSTD323240,"184,311.00"
BIS,HEFCE,20/09/2012,Revolving Green Fund,RIS policy team,Lancaster University,GPROSTD324783,"860,000.00"
BIS,HEFCE,20/09/2012,Teaching 12-13,E&P policy team,Leeds City College,GPROSTD320127,"652,220.00"
BIS,HEFCE,20/09/2012,Teaching 12-13,E&P policy team,Leeds College of Art,GPROSTD320100,"459,054.00"
BIS,HEFCE,20/09/2012,Inherited Staff,Finance,Leeds LEA,GPROSTD314158,"69,807.00"
BIS,HEFCE,20/09/2012,Teaching 12-13,E&P policy team,Leeds Met University,GPROSTD320118,"6,304,865.00"
BIS,HEFCE,20/09/2012,Research 12-13,RIS policy team,Leeds Met University,GPROSTD322098,"281,834.00"
BIS,HEFCE,20/09/2012,HEIF 2011-15,RIS policy team,Leeds Met University,GPROSTD323264,"125,050.00"
BIS,HEFCE,20/09/2012,Teaching 12-13,E&P policy team,Leeds Trinity Uni Co,GPROSTD321333,"564,267.00"
BIS,HEFCE,20/09/2012,Teaching 12-13,E&P policy team,Leicester College,GPROSTD320136,"119,254.00"
BIS,HEFCE,20/09/2012,Inherited Staff,Finance,Leics LEA,GPROSTD314159,"73,861.00"
BIS,HEFCE,20/09/2012,Teaching 12-13,E&P policy team,Lincoln College,GPROSTD320172,"88,289.00"
BIS,HEFCE,20/09/2012,Teaching 12-13,E&P policy team,Liverpool Com Colleg,GPROSTD319389,"167,668.00"
BIS,HEFCE,20/09/2012,Teaching 12-13,E&P policy team,Liverpool Hope Uni,GPROSTD320190,"1,750,109.00"
BIS,HEFCE,20/09/2012,Research 12-13,RIS policy team,Liverpool Hope Uni,GPROSTD322134,"47,662.00"
BIS,HEFCE,20/09/2012,HEIF 2011-15,RIS policy team,Liverpool Hope Uni,GPROSTD323312,"57,051.00"
BIS,HEFCE,20/09/2012,Teaching 12-13,E&P policy team,Liverpool Inst PA,GPROSTD320208,"374,176.00"
BIS,HEFCE,20/09/2012,Teaching 12-13,E&P policy team,Liverpool John Moore,GPROSTD320181,"6,670,343.00"
BIS,HEFCE,20/09/2012,Research 12-13,RIS policy team,Liverpool John Moore,GPROSTD322125,"580,401.00"
BIS,HEFCE,20/09/2012,HEIF 2011-15,RIS policy team,Liverpool John Moore,GPROSTD323300,"161,722.00"
BIS,HEFCE,20/09/2012,Inherited Staff,Finance,Liverpool LEA,GPROSTD314161,"87,576.00"
BIS,HEFCE,20/09/2012,Research 12-13,RIS policy team,London Bus School,GPROSTD322170,"579,369.00"
BIS,HEFCE,20/09/2012,HEIF 2011-15,RIS policy team,London Bus School,GPROSTD323348,"237,405.00"
BIS,HEFCE,20/09/2012,Inherited Staff,Finance,London Met Uni,GPROSTD314202,"83,350.00"
BIS,HEFCE,20/09/2012,Teaching 12-13,E&P policy team,London Met Uni,GPROSTD320262,"5,373,854.00"
BIS,HEFCE,20/09/2012,Research 12-13,RIS policy team,London Met Uni,GPROSTD322197,"451,523.00"
BIS,HEFCE,20/09/2012,HEIF 2011-15,RIS policy team,London Met Uni,GPROSTD323372,"128,888.00"
BIS,HEFCE,20/09/2012,Inherited Staff,Finance,London PFA,GPROSTD314162,"47,504.00"
BIS,HEFCE,20/09/2012,SDF Recurrent,RIS policy team,London Sch Economics,GPROSTD309198,"122,449.00"
BIS,HEFCE,20/09/2012,Teaching 12-13,E&P policy team,London Sch Economics,GPROSTD320244,"950,505.00"
BIS,HEFCE,20/09/2012,Research 12-13,RIS policy team,London Sch Economics,GPROSTD322179,"2,704,721.00"
BIS,HEFCE,20/09/2012,HEIF 2011-15,RIS policy team,London Sch Economics,GPROSTD323360,"140,569.00"
BIS,HEFCE,20/09/2012,Teaching 12-13,E&P policy team,London Sch Hygiene,GPROSTD320253,"566,704.00"
BIS,HEFCE,20/09/2012,Research 12-13,RIS policy team,London Sch Hygiene,GPROSTD322188,"2,927,527.00"
BIS,HEFCE,20/09/2012,Teaching 12-13,E&P policy team,London South Bank,GPROSTD320271,"4,485,090.00"
BIS,HEFCE,20/09/2012,Research 12-13,RIS policy team,London South Bank,GPROSTD322206,"318,395.00"
BIS,HEFCE,20/09/2012,HEIF 2011-15,RIS policy team,London South Bank,GPROSTD323384,"67,266.00"
BIS,HEFCE,20/09/2012,Teaching 12-13,E&P policy team,Loughborough College,GPROSTD320289,"295,399.00"
BIS,HEFCE,20/09/2012,Teaching 12-13,E&P policy team,Loughborough Uni,GPROSTD320298,"4,649,885.00"
BIS,HEFCE,20/09/2012,Research 12-13,RIS policy team,Loughborough Uni,GPROSTD322224,"3,423,450.00"
BIS,HEFCE,20/09/2012,HEIF 2011-15,RIS policy team,Loughborough Uni,GPROSTD323408,"136,260.00"
BIS,HEFCE,20/09/2012,Teaching 12-13,E&P policy team,Macclesfield College,GPROSTD320316,"258,492.00"
BIS,HEFCE,20/09/2012,Teaching 12-13,E&P policy team,Manchester College,GPROSTD320343,"470,686.00"
BIS,HEFCE,20/09/2012,Inherited Staff,Finance,Manchester LEA,GPROSTD314163,"115,039.00"
BIS,HEFCE,20/09/2012,Teaching 12-13,E&P policy team,Manchester Met,GPROSTD320325,"8,294,221.00"
BIS,HEFCE,20/09/2012,Research 12-13,RIS policy team,Manchester Met,GPROSTD322242,"849,050.00"
BIS,HEFCE,20/09/2012,HEIF 2011-15,RIS policy team,Manchester Met,GPROSTD323432,"115,158.00"
BIS,HEFCE,20/09/2012,Teaching 12-13,E&P policy team,Middlesex University,GPROSTD320352,"5,510,086.00"
BIS,HEFCE,20/09/2012,Research 12-13,RIS policy team,Middlesex University,GPROSTD322260,"431,802.00"
BIS,HEFCE,20/09/2012,HEIF 2011-15,RIS policy team,Middlesex University,GPROSTD323456,"46,856.00"
BIS,HEFCE,20/09/2012,Teaching 12-13,E&P policy team,Moulton College,GPROSTD320379,"130,693.00"
BIS,HEFCE,20/09/2012,Teaching 12-13,E&P policy team,Newcastle College,GPROSTD320415,"1,287,266.00"
BIS,HEFCE,20/09/2012,Inherited Staff,Finance,Newcastle LEA,GPROSTD314165,"37,449.00"
BIS,HEFCE,20/09/2012,Teaching 12-13,E&P policy team,New College Durham,GPROSTD320406,"419,157.00"
BIS,HEFCE,20/09/2012,Teaching 12-13,E&P policy team,New College Notts,GPROSTD320424,"209,963.00"
BIS,HEFCE,20/09/2012,Teaching 12-13,E&P policy team,New College Stamford,GPROSTD321135,"47,388.00"
BIS,HEFCE,20/09/2012,Teaching 12-13,E&P policy team,Newham College,GPROSTD320433,"42,858.00"
BIS,HEFCE,20/09/2012,Teaching 12-13,E&P policy team,Newman Uni College,GPROSTD320442,"618,886.00"
BIS,HEFCE,20/09/2012,Teaching 12-13,E&P policy team,Northbrook College,GPROSTD320478,"334,582.00"
BIS,HEFCE,20/09/2012,Teaching 12-13,E&P policy team,North East Surrey,GPROSTD320505,"175,413.00"
BIS,HEFCE,20/09/2012,Teaching 12-13,E&P policy team,North East Worcs Col,GPROSTD320496,"105,058.00"
BIS,HEFCE,20/09/2012,Teaching 12-13,E&P policy team,North Lindsey Coll,GPROSTD320487,"290,629.00"
BIS,HEFCE,20/09/2012,Teaching 12-13,E&P policy team,Northumberland Coll,GPROSTD320541,"67,338.00"
BIS,HEFCE,20/09/2012,Teaching 12-13,E&P policy team,North West London,GPROSTD320577,"70,120.00"
BIS,HEFCE,20/09/2012,Teaching 12-13,E&P policy team,Norwich Uni Col Arts,GPROSTD320523,"707,079.00"
BIS,HEFCE,20/09/2012,Teaching 12-13,E&P policy team,Nottingham Trent Uni,GPROSTD320604,"6,634,672.00"
BIS,HEFCE,20/09/2012,Research 12-13,RIS policy team,Nottingham Trent Uni,GPROSTD322314,"633,881.00"
BIS,HEFCE,20/09/2012,HEIF 2011-15,RIS policy team,Nottingham Trent Uni,GPROSTD323504,"70,525.00"
BIS,HEFCE,20/09/2012,Inherited Staff,Finance,Notts LEA,GPROSTD314170,"58,965.00"
BIS,HEFCE,20/09/2012,Teaching 12-13,E&P policy team,N Warwick & Hinckley,GPROSTD320559,"99,068.00"
BIS,HEFCE,20/09/2012,Teaching 12-13,E&P policy team,Open University,GPROSTD320631,"20,776,543.00"
BIS,HEFCE,20/09/2012,Research 12-13,RIS policy team,Open University,GPROSTD322332,"1,599,162.00"
BIS,HEFCE,20/09/2012,HEIF 2011-15,RIS policy team,Open University,GPROSTD323528,"79,135.00"
BIS,HEFCE,20/09/2012,Teaching 12-13,E&P policy team,Oxford Brookes Univ,GPROSTD320658,"3,811,494.00"
BIS,HEFCE,20/09/2012,Research 12-13,RIS policy team,Oxford Brookes Univ,GPROSTD322359,"565,361.00"
BIS,HEFCE,20/09/2012,HEIF 2011-15,RIS policy team,Oxford Brookes Univ,GPROSTD323564,"136,418.00"
BIS,HEFCE,20/09/2012,Inherited Staff,Finance,Oxfordshire LEA,GPROSTD314172,"36,598.00"
BIS,HEFCE,20/09/2012,Teaching 12-13,E&P policy team,Plumpton Coll,GPROSTD320703,"28,087.00"
BIS,HEFCE,20/09/2012,Teaching 12-13,E&P policy team,Plymouth Coll of Art,GPROSTD320730,"271,817.00"
BIS,HEFCE,20/09/2012,Quality Assurance,E&P policy team,QAA,GPROSTD326379,"220,000.00"
BIS,HEFCE,20/09/2012,Teaching 12-13,E&P policy team,"Queen Mary, UoL",GPROSTD320757,"6,972,337.00"
BIS,HEFCE,20/09/2012,Research 12-13,RIS policy team,"Queen Mary, UoL",GPROSTD322386,"5,117,991.00"
BIS,HEFCE,20/09/2012,HEIF 2011-15,RIS policy team,"Queen Mary, UoL",GPROSTD323600,"237,405.00"
BIS,HEFCE,20/09/2012,Teaching 12-13,E&P policy team,Ravensbourne College,GPROSTD320766,"894,311.00"
BIS,HEFCE,20/09/2012,Teaching 12-13,E&P policy team,Riverside Col Halton,GPROSTD319812,"174,157.00"
BIS,HEFCE,20/09/2012,Teaching 12-13,E&P policy team,Roehampton Uni,GPROSTD320802,"2,287,847.00"
BIS,HEFCE,20/09/2012,Research 12-13,RIS policy team,Roehampton Uni,GPROSTD322404,"373,899.00"
BIS,HEFCE,20/09/2012,HEIF 2011-15,RIS policy team,Roehampton Uni,GPROSTD323624,"38,418.00"
BIS,HEFCE,20/09/2012,Teaching 12-13,E&P policy team,Rose Bruford College,GPROSTD320811,"460,481.00"
BIS,HEFCE,20/09/2012,Teaching 12-13,E&P policy team,Rotherham Coll A&T,GPROSTD320820,"80,673.00"
BIS,HEFCE,20/09/2012,Teaching 12-13,E&P policy team,Royal Academy Music,GPROSTD320838,"553,697.00"
BIS,HEFCE,20/09/2012,Research 12-13,RIS policy team,Royal Academy Music,GPROSTD322431,"70,935.00"
BIS,HEFCE,20/09/2012,Teaching 12-13,E&P policy team,Royal Agricultural,GPROSTD320829,"605,513.00"
BIS,HEFCE,20/09/2012,Teaching 12-13,E&P policy team,Royal College Music,GPROSTD320856,"571,067.00"
BIS,HEFCE,20/09/2012,Research 12-13,RIS policy team,Royal College Music,GPROSTD322449,"68,688.00"
BIS,HEFCE,20/09/2012,Teaching 12-13,E&P policy team,Royal College of Art,GPROSTD320847,"1,235,074.00"
BIS,HEFCE,20/09/2012,Research 12-13,RIS policy team,Royal College of Art,GPROSTD322440,"386,458.00"
BIS,HEFCE,20/09/2012,HEIF 2011-15,RIS policy team,Royal College of Art,GPROSTD323636,"25,058.00"
BIS,HEFCE,20/09/2012,London Insts,Inst teams Lond East,Royal College of Art,GPROSTD324710,"255,107.00"
BIS,HEFCE,20/09/2012,Teaching 12-13,E&P policy team,Royal Holloway,GPROSTD320865,"2,610,632.00"
BIS,HEFCE,20/09/2012,Research 12-13,RIS policy team,Royal Holloway,GPROSTD322458,"2,159,384.00"
BIS,HEFCE,20/09/2012,HEIF 2011-15,RIS policy team,Royal Holloway,GPROSTD323648,"40,399.00"
BIS,HEFCE,20/09/2012,Teaching 12-13,E&P policy team,Royal North Coll Mus,GPROSTD320874,"786,094.00"
BIS,HEFCE,20/09/2012,Research 12-13,RIS policy team,Royal North Coll Mus,GPROSTD322467,"25,918.00"
BIS,HEFCE,20/09/2012,Teaching 12-13,E&P policy team,Royal Veterinary,GPROSTD320883,"2,798,545.00"
BIS,HEFCE,20/09/2012,Research 12-13,RIS policy team,Royal Veterinary,GPROSTD322476,"849,743.00"
BIS,HEFCE,20/09/2012,HEIF 2011-15,RIS policy team,Royal Veterinary,GPROSTD323672,"99,425.00"
BIS,HEFCE,20/09/2012,Teaching 12-13,E&P policy team,Ruskin College,GPROSTD320901,"125,545.00"
BIS,HEFCE,20/09/2012,Teaching 12-13,E&P policy team,Sheffield College,GPROSTD320946,"143,250.00"
BIS,HEFCE,20/09/2012,Teaching 12-13,E&P policy team,Sheffield Hallam Uni,GPROSTD320955,"6,650,952.00"
BIS,HEFCE,20/09/2012,Research 12-13,RIS policy team,Sheffield Hallam Uni,GPROSTD322494,"663,154.00"
BIS,HEFCE,20/09/2012,HEIF 2011-15,RIS policy team,Sheffield Hallam Uni,GPROSTD323696,"100,821.00"
BIS,HEFCE,20/09/2012,Inherited Staff,Finance,Sheffield LEA,GPROSTD314174,"63,197.00"
BIS,HEFCE,20/09/2012,Teaching 12-13,E&P policy team,SOAS,GPROSTD320640,"800,862.00"
BIS,HEFCE,20/09/2012,Research 12-13,RIS policy team,SOAS,GPROSTD322341,"988,062.00"
BIS,HEFCE,20/09/2012,HEIF 2011-15,RIS policy team,SOAS,GPROSTD323540,"39,586.00"
BIS,HEFCE,20/09/2012,London Insts,Inst teams Lond East,SOAS,GPROSTD324698,"42,756.00"
BIS,HEFCE,20/09/2012,Teaching 12-13,E&P policy team,Solihull College,GPROSTD320973,"167,234.00"
BIS,HEFCE,20/09/2012,Teaching 12-13,E&P policy team,Somerset Coll of Art,GPROSTD320982,"71,524.00"
BIS,HEFCE,20/09/2012,Teaching 12-13,E&P policy team,Southampton Solent U,GPROSTD321027,"3,637,513.00"
BIS,HEFCE,20/09/2012,Research 12-13,RIS policy team,Southampton Solent U,GPROSTD322512,"30,752.00"
BIS,HEFCE,20/09/2012,HEIF 2011-15,RIS policy team,Southampton Solent U,GPROSTD323720,"73,031.00"
BIS,HEFCE,20/09/2012,Teaching 12-13,E&P policy team,South Downs College,GPROSTD321000,"53,847.00"
BIS,HEFCE,20/09/2012,Teaching 12-13,E&P policy team,South Glos & Stroud,GPROSTD321099,"46,072.00"
BIS,HEFCE,20/09/2012,Teaching 12-13,E&P policy team,South Leics College,GPROSTD321072,"26,309.00"
BIS,HEFCE,20/09/2012,Teaching 12-13,E&P policy team,South Notts College,GPROSTD321009,"123,598.00"
BIS,HEFCE,20/09/2012,Teaching 12-13,E&P policy team,South Tyneside Coll,GPROSTD321063,"245,088.00"
BIS,HEFCE,20/09/2012,Teaching 12-13,E&P policy team,Sparsholt College,GPROSTD321117,"246,509.00"
BIS,HEFCE,20/09/2012,Teaching 12-13,E&P policy team,Staffordshire Uni,GPROSTD321126,"5,514,890.00"
BIS,HEFCE,20/09/2012,Research 12-13,RIS policy team,Staffordshire Uni,GPROSTD322530,"90,563.00"
BIS,HEFCE,20/09/2012,HEIF 2011-15,RIS policy team,Staffordshire Uni,GPROSTD323744,"100,142.00"
BIS,HEFCE,20/09/2012,Inherited Staff,Finance,Staffs LEA,GPROSTD314178,"46,458.00"
BIS,HEFCE,20/09/2012,Teaching 12-13,E&P policy team,Stephenson College,GPROSTD321153,"120,363.00"
BIS,HEFCE,20/09/2012,Teaching 12-13,E&P policy team,St George's Med Sch,GPROSTD321162,"3,134,363.00"
BIS,HEFCE,20/09/2012,Research 12-13,RIS policy team,St George's Med Sch,GPROSTD322539,"849,212.00"
BIS,HEFCE,20/09/2012,HEIF 2011-15,RIS policy team,St George's Med Sch,GPROSTD323756,"77,869.00"
BIS,HEFCE,20/09/2012,Teaching 12-13,E&P policy team,Sth & City Coll Birm,GPROSTD326421,"32,669.00"
BIS,HEFCE,20/09/2012,Teaching 12-13,E&P policy team,St Helens Coll,GPROSTD321171,"331,953.00"
BIS,HEFCE,20/09/2012,Teaching 12-13,E&P policy team,St Mary's Uni Colleg,GPROSTD321180,"947,800.00"
BIS,HEFCE,20/09/2012,Research 12-13,RIS policy team,St Mary's Uni Colleg,GPROSTD322548,"38,046.00"
BIS,HEFCE,20/09/2012,Teaching 12-13,E&P policy team,Stockport College,GPROSTD321207,"367,110.00"
BIS,HEFCE,20/09/2012,Inherited Staff,Finance,Sunderland LEA,GPROSTD314181,"32,155.00"
BIS,HEFCE,20/09/2012,Teaching 12-13,E&P policy team,Swindon College,GPROSTD321279,"53,724.00"
BIS,HEFCE,20/09/2012,Teaching 12-13,E&P policy team,Tameside College,GPROSTD321288,"46,070.00"
BIS,HEFCE,20/09/2012,Teaching 12-13,E&P policy team,Teesside University,GPROSTD321297,"5,174,119.00"
BIS,HEFCE,20/09/2012,Research 12-13,RIS policy team,Teesside University,GPROSTD322593,"187,155.00"
BIS,HEFCE,20/09/2012,HEIF 2011-15,RIS policy team,Teesside University,GPROSTD323804,"106,095.00"
BIS,HEFCE,20/09/2012,Teaching 12-13,E&P policy team,Trafford College,GPROSTD321054,"89,639.00"
BIS,HEFCE,20/09/2012,Teaching 12-13,E&P policy team,Trinity Laban Cons M,GPROSTD321342,"1,130,382.00"
BIS,HEFCE,20/09/2012,HEIF 2011-15,RIS policy team,Trinity Laban Cons M,GPROSTD323828,"32,448.00"
BIS,HEFCE,20/09/2012,Teaching 12-13,E&P policy team,Tyne Met College,GPROSTD320532,"55,747.00"
BIS,HEFCE,20/09/2012,Teaching 12-13,E&P policy team,UC Plymouth Mark/Joh,GPROSTD321189,"480,156.00"
BIS,HEFCE,20/09/2012,Teaching 12-13,E&P policy team,Uni Coll Birmingham,GPROSTD318966,"1,294,407.00"
BIS,HEFCE,20/09/2012,Teaching 12-13,E&P policy team,Uni College Falmouth,GPROSTD319677,"1,703,331.00"
BIS,HEFCE,20/09/2012,Research 12-13,RIS policy team,Uni College Falmouth,GPROSTD321945,"68,925.00"
BIS,HEFCE,20/09/2012,SDF Recurrent,RIS policy team,Uni College London,GPROSTD227867,"28,562.00"
BIS,HEFCE,20/09/2012,SDF Recurrent,RIS policy team,Uni College London,GPROSTD234723,"29,405.00"
BIS,HEFCE,20/09/2012,SDF Recurrent,RIS policy team,Uni College London,GPROSTD234972,"29,405.00"
BIS,HEFCE,20/09/2012,SDF Recurrent,RIS policy team,Uni College London,GPROSTD258469,"28,563.00"
BIS,HEFCE,20/09/2012,SDF Recurrent,RIS policy team,Uni College London,GPROSTD259873,"29,405.00"
BIS,HEFCE,20/09/2012,SDF Recurrent,RIS policy team,Uni College London,GPROSTD292627,"28,618.00"
BIS,HEFCE,20/09/2012,SDF Recurrent,RIS policy team,Uni College London,GPROSTD304051,"28,618.00"
BIS,HEFCE,20/09/2012,Teaching 12-13,E&P policy team,Uni College London,GPROSTD320280,"9,171,282.00"
BIS,HEFCE,20/09/2012,Research 12-13,RIS policy team,Uni College London,GPROSTD322215,"18,470,857.00"
BIS,HEFCE,20/09/2012,HEIF 2011-15,RIS policy team,Uni College London,GPROSTD323396,"237,405.00"
BIS,HEFCE,20/09/2012,London Insts,Inst teams Lond East,Uni College London,GPROSTD324686,"184,913.00"
BIS,HEFCE,20/09/2012,Research 12-13,RIS policy team,Uni College London,GPROSTD325239,"66,450.00"
BIS,HEFCE,20/09/2012,Teaching 12-13,E&P policy team,Uni for Creative Art,GPROSTD319488,"2,429,029.00"
BIS,HEFCE,20/09/2012,Research 12-13,RIS policy team,Uni for Creative Art,GPROSTD321846,"61,801.00"
BIS,HEFCE,20/09/2012,Teaching 12-13,E&P policy team,Uni of Arts London,GPROSTD320217,"5,035,203.00"
BIS,HEFCE,20/09/2012,Research 12-13,RIS policy team,Uni of Arts London,GPROSTD322152,"1,009,985.00"
BIS,HEFCE,20/09/2012,HEIF 2011-15,RIS policy team,Uni of Arts London,GPROSTD323336,"209,886.00"
BIS,HEFCE,20/09/2012,Teaching 12-13,E&P policy team,Uni of Arts London,GPROSTD325086,"93,032.00"
BIS,HEFCE,20/09/2012,Teaching 12-13,E&P policy team,Uni of Bedfordshire,GPROSTD320307,"3,764,149.00"
BIS,HEFCE,20/09/2012,Research 12-13,RIS policy team,Uni of Bedfordshire,GPROSTD322233,"169,560.00"
BIS,HEFCE,20/09/2012,HEIF 2011-15,RIS policy team,Uni of Bedfordshire,GPROSTD323420,"40,322.00"
BIS,HEFCE,20/09/2012,SDF Recurrent,RIS policy team,Uni of Birmingham,GPROSTD210408,"28,563.00"
BIS,HEFCE,20/09/2012,Teaching 12-13,E&P policy team,Uni of Birmingham,GPROSTD318975,"9,418,824.00"
BIS,HEFCE,20/09/2012,Research 12-13,RIS policy team,Uni of Birmingham,GPROSTD321657,"6,837,346.00"
BIS,HEFCE,20/09/2012,HEIF 2011-15,RIS policy team,Uni of Birmingham,GPROSTD322760,"237,405.00"
BIS,HEFCE,20/09/2012,SDF Capital LAT,RIS policy team,Uni of Bradford,GPROSTD309989,"93,079.00"
BIS,HEFCE,20/09/2012,Teaching 12-13,E&P policy team,Uni of Bradford,GPROSTD319083,"3,588,758.00"
BIS,HEFCE,20/09/2012,Research 12-13,RIS policy team,Uni of Bradford,GPROSTD321693,"974,590.00"
BIS,HEFCE,20/09/2012,HEIF 2011-15,RIS policy team,Uni of Bradford,GPROSTD322796,"90,273.00"
BIS,HEFCE,20/09/2012,SDF Capital LAT,RIS policy team,Uni of Bradford,GPROSTD324774,"119,026.00"
BIS,HEFCE,20/09/2012,Teaching 12-13,E&P policy team,Uni of Brighton,GPROSTD319101,"5,205,261.00"
BIS,HEFCE,20/09/2012,Research 12-13,RIS policy team,Uni of Brighton,GPROSTD321702,"948,882.00"
BIS,HEFCE,20/09/2012,HEIF 2011-15,RIS policy team,Uni of Brighton,GPROSTD322808,"86,082.00"
BIS,HEFCE,20/09/2012,Teaching 12-13,E&P policy team,Uni of Bristol,GPROSTD319110,"8,345,129.00"
BIS,HEFCE,20/09/2012,Research 12-13,RIS policy team,Uni of Bristol,GPROSTD321711,"7,846,346.00"
BIS,HEFCE,20/09/2012,HEIF 2011-15,RIS policy team,Uni of Bristol,GPROSTD322820,"237,405.00"
BIS,HEFCE,20/09/2012,Teaching 12-13,E&P policy team,Uni of Cambridge,GPROSTD319191,"7,385,276.00"
BIS,HEFCE,20/09/2012,Research 12-13,RIS policy team,Uni of Cambridge,GPROSTD321738,"19,437,088.00"
BIS,HEFCE,20/09/2012,HEIF 2011-15,RIS policy team,Uni of Cambridge,GPROSTD322856,"237,405.00"
BIS,HEFCE,20/09/2012,"Museums, Gal & Coll",RIS policy team,Uni of Cambridge,GPROSTD323936,"162,935.00"
BIS,HEFCE,20/09/2012,SDF Recurrent,RIS policy team,Uni of Cambridge,GPROSTD326512,"165,000.00"
BIS,HEFCE,20/09/2012,Teaching 12-13,E&P policy team,Uni of Central Lancs,GPROSTD319263,"7,640,527.00"
BIS,HEFCE,20/09/2012,Research 12-13,RIS policy team,Uni of Central Lancs,GPROSTD321774,"517,331.00"
BIS,HEFCE,20/09/2012,HEIF 2011-15,RIS policy team,Uni of Central Lancs,GPROSTD322904,"188,401.00"
BIS,HEFCE,20/09/2012,Teaching 12-13,E&P policy team,Uni of Chester,GPROSTD319290,"3,041,122.00"
BIS,HEFCE,20/09/2012,Research 12-13,RIS policy team,Uni of Chester,GPROSTD321792,"92,706.00"
BIS,HEFCE,20/09/2012,HEIF 2011-15,RIS policy team,Uni of Chester,GPROSTD322916,"36,425.00"
BIS,HEFCE,20/09/2012,SDF Recurrent,RIS policy team,Uni of Chichester,GPROSTD234041,"105,125.00"
BIS,HEFCE,20/09/2012,Teaching 12-13,E&P policy team,Uni of Chichester,GPROSTD319317,"1,292,727.00"
BIS,HEFCE,20/09/2012,Research 12-13,RIS policy team,Uni of Chichester,GPROSTD321801,"43,513.00"
BIS,HEFCE,20/09/2012,Teaching 12-13,E&P policy team,Uni of Cumbria,GPROSTD319506,"1,751,657.00"
BIS,HEFCE,20/09/2012,Teaching 12-13,E&P policy team,Uni of East Anglia,GPROSTD319587,"4,396,338.00"
BIS,HEFCE,20/09/2012,Research 12-13,RIS policy team,Uni of East Anglia,GPROSTD321891,"2,518,654.00"
BIS,HEFCE,20/09/2012,Teaching 12-13,E&P policy team,Uni of East Anglia,GPROSTD322700,"1,575,890.00"
BIS,HEFCE,20/09/2012,HEIF 2011-15,RIS policy team,Uni of East Anglia,GPROSTD323024,"147,154.00"
BIS,HEFCE,20/09/2012,Teaching 12-13,E&P policy team,Uni of East London,GPROSTD319596,"5,138,524.00"
BIS,HEFCE,20/09/2012,Research 12-13,RIS policy team,Uni of East London,GPROSTD321900,"334,339.00"
BIS,HEFCE,20/09/2012,HEIF 2011-15,RIS policy team,Uni of East London,GPROSTD323036,"50,679.00"
BIS,HEFCE,20/09/2012,Teaching 12-13,E&P policy team,Uni of Gloucester,GPROSTD319722,"2,179,293.00"
BIS,HEFCE,20/09/2012,Research 12-13,RIS policy team,Uni of Gloucester,GPROSTD321954,"110,133.00"
BIS,HEFCE,20/09/2012,HEIF 2011-15,RIS policy team,Uni of Gloucester,GPROSTD323096,"27,926.00"
BIS,HEFCE,20/09/2012,Inherited Staff,Finance,Uni of Greenwich,GPROSTD314201,"29,070.00"
BIS,HEFCE,20/09/2012,Teaching 12-13,E&P policy team,Uni of Greenwich,GPROSTD319749,"6,590,726.00"
BIS,HEFCE,20/09/2012,Research 12-13,RIS policy team,Uni of Greenwich,GPROSTD321972,"425,516.00"
BIS,HEFCE,20/09/2012,HEIF 2011-15,RIS policy team,Uni of Greenwich,GPROSTD323120,"144,101.00"
BIS,HEFCE,20/09/2012,Teaching 12-13,E&P policy team,Uni of Hertfordshire,GPROSTD319893,"5,460,750.00"
BIS,HEFCE,20/09/2012,Research 12-13,RIS policy team,Uni of Hertfordshire,GPROSTD321999,"696,551.00"
BIS,HEFCE,20/09/2012,HEIF 2011-15,RIS policy team,Uni of Hertfordshire,GPROSTD323144,"237,405.00"
BIS,HEFCE,20/09/2012,Teaching 12-13,E&P policy team,Uni of Huddersfield,GPROSTD319938,"5,982,037.00"
BIS,HEFCE,20/09/2012,Research 12-13,RIS policy team,Uni of Huddersfield,GPROSTD322017,"327,517.00"
BIS,HEFCE,20/09/2012,HEIF 2011-15,RIS policy team,Uni of Huddersfield,GPROSTD323156,"77,682.00"
BIS,HEFCE,20/09/2012,Teaching 12-13,E&P policy team,Uni of Leicester,GPROSTD320145,"4,839,068.00"
BIS,HEFCE,20/09/2012,Research 12-13,RIS policy team,Uni of Leicester,GPROSTD322107,"3,154,292.00"
BIS,HEFCE,20/09/2012,HEIF 2011-15,RIS policy team,Uni of Leicester,GPROSTD323276,"159,851.00"
BIS,HEFCE,20/09/2012,SS UMF,Finance,Uni of Leicester,GPROSTD324745,"54,411.00"
BIS,HEFCE,20/09/2012,Teaching 12-13,E&P policy team,Uni of Lincoln,GPROSTD320163,"3,751,498.00"
BIS,HEFCE,20/09/2012,Research 12-13,RIS policy team,Uni of Lincoln,GPROSTD322116,"265,048.00"
BIS,HEFCE,20/09/2012,HEIF 2011-15,RIS policy team,Uni of Lincoln,GPROSTD323288,"42,444.00"
BIS,HEFCE,20/09/2012,Teaching 12-13,E&P policy team,Uni of Liverpool,GPROSTD320199,"9,022,866.00"
BIS,HEFCE,20/09/2012,Research 12-13,RIS policy team,Uni of Liverpool,GPROSTD322143,"5,905,606.00"
BIS,HEFCE,20/09/2012,HEIF 2011-15,RIS policy team,Uni of Liverpool,GPROSTD323324,"237,405.00"
BIS,HEFCE,20/09/2012,London Insts,Inst teams Lond East,Uni of London,GPROSTD324674,"813,762.00"
BIS,HEFCE,20/09/2012,Teaching 12-13,E&P policy team,Uni of Manchester,GPROSTD320334,"11,815,842.00"
BIS,HEFCE,20/09/2012,Research 12-13,RIS policy team,Uni of Manchester,GPROSTD322251,"13,578,059.00"
BIS,HEFCE,20/09/2012,HEIF 2011-15,RIS policy team,Uni of Manchester,GPROSTD323444,"237,405.00"
BIS,HEFCE,20/09/2012,"Museums, Gal & Coll",RIS policy team,Uni of Manchester,GPROSTD324032,"172,431.00"
BIS,HEFCE,20/09/2012,SDF Recurrent,RIS policy team,Uni of Newcastle,GPROSTD218742,"28,562.00"
BIS,HEFCE,20/09/2012,SDF Recurrent,RIS policy team,Uni of Newcastle,GPROSTD229033,"29,405.00"
BIS,HEFCE,20/09/2012,Teaching 12-13,E&P policy team,Uni of Newcastle,GPROSTD320451,"7,824,803.00"
BIS,HEFCE,20/09/2012,Research 12-13,RIS policy team,Uni of Newcastle,GPROSTD322278,"5,614,183.00"
BIS,HEFCE,20/09/2012,HEIF 2011-15,RIS policy team,Uni of Newcastle,GPROSTD323468,"237,405.00"
BIS,HEFCE,20/09/2012,Teaching 12-13,E&P policy team,Uni of Northampton,GPROSTD320514,"2,630,487.00"
BIS,HEFCE,20/09/2012,Research 12-13,RIS policy team,Uni of Northampton,GPROSTD322287,"97,320.00"
BIS,HEFCE,20/09/2012,HEIF 2011-15,RIS policy team,Uni of Northampton,GPROSTD323480,"99,312.00"
BIS,HEFCE,20/09/2012,Teaching 12-13,E&P policy team,Uni of Northumbria,GPROSTD320550,"6,494,249.00"
BIS,HEFCE,20/09/2012,Research 12-13,RIS policy team,Uni of Northumbria,GPROSTD322305,"458,905.00"
BIS,HEFCE,20/09/2012,HEIF 2011-15,RIS policy team,Uni of Northumbria,GPROSTD323492,"104,202.00"
BIS,HEFCE,20/09/2012,SDF Recurrent,RIS policy team,Uni of Nottingham,GPROSTD228866,"130,000.00"
BIS,HEFCE,20/09/2012,SDF Recurrent,RIS policy team,Uni of Nottingham,GPROSTD309243,"28,618.00"
BIS,HEFCE,20/09/2012,SDF Recurrent,RIS policy team,Uni of Nottingham,GPROSTD309253,"28,618.00"
BIS,HEFCE,20/09/2012,Teaching 12-13,E&P policy team,Uni of Nottingham,GPROSTD320613,"8,663,143.00"
BIS,HEFCE,20/09/2012,Research 12-13,RIS policy team,Uni of Nottingham,GPROSTD322323,"8,013,090.00"
BIS,HEFCE,20/09/2012,HEIF 2011-15,RIS policy team,Uni of Nottingham,GPROSTD323516,"237,405.00"
BIS,HEFCE,20/09/2012,Teaching 12-13,E&P policy team,Uni of Plymouth,GPROSTD320721,"8,957,807.00"
BIS,HEFCE,20/09/2012,Research 12-13,RIS policy team,Uni of Plymouth,GPROSTD322368,"1,091,669.00"
BIS,HEFCE,20/09/2012,HEIF 2011-15,RIS policy team,Uni of Plymouth,GPROSTD323576,"125,338.00"
BIS,HEFCE,20/09/2012,Teaching 12-13,E&P policy team,Uni of Portsmouth,GPROSTD320739,"6,174,546.00"
BIS,HEFCE,20/09/2012,Research 12-13,RIS policy team,Uni of Portsmouth,GPROSTD322377,"776,305.00"
BIS,HEFCE,20/09/2012,HEIF 2011-15,RIS policy team,Uni of Portsmouth,GPROSTD323588,"64,401.00"
BIS,HEFCE,20/09/2012,Teaching 12-13,E&P policy team,Uni of Reading,GPROSTD320775,"3,329,810.00"
BIS,HEFCE,20/09/2012,Research 12-13,RIS policy team,Uni of Reading,GPROSTD322395,"2,738,663.00"
BIS,HEFCE,20/09/2012,HEIF 2011-15,RIS policy team,Uni of Reading,GPROSTD323612,"180,858.00"
BIS,HEFCE,20/09/2012,Teaching 12-13,E&P policy team,Uni of Salford,GPROSTD320919,"5,168,935.00"
BIS,HEFCE,20/09/2012,Research 12-13,RIS policy team,Uni of Salford,GPROSTD322485,"1,119,284.00"
BIS,HEFCE,20/09/2012,HEIF 2011-15,RIS policy team,Uni of Salford,GPROSTD323684,"148,891.00"
BIS,HEFCE,20/09/2012,Teaching 12-13,E&P policy team,Uni of Sheffield,GPROSTD320964,"7,870,762.00"
BIS,HEFCE,20/09/2012,Research 12-13,RIS policy team,Uni of Sheffield,GPROSTD322503,"7,154,916.00"
BIS,HEFCE,20/09/2012,HEIF 2011-15,RIS policy team,Uni of Sheffield,GPROSTD323708,"237,405.00"
BIS,HEFCE,20/09/2012,Teaching 12-13,E&P policy team,Uni of Southampton,GPROSTD321036,"6,879,512.00"
BIS,HEFCE,20/09/2012,Research 12-13,RIS policy team,Uni of Southampton,GPROSTD322521,"7,219,725.00"
BIS,HEFCE,20/09/2012,HEIF 2011-15,RIS policy team,Uni of Southampton,GPROSTD323732,"237,405.00"
BIS,HEFCE,20/09/2012,Teaching 12-13,E&P policy team,Uni of Sunderland,GPROSTD321243,"3,709,883.00"
BIS,HEFCE,20/09/2012,Research 12-13,RIS policy team,Uni of Sunderland,GPROSTD322566,"319,466.00"
BIS,HEFCE,20/09/2012,HEIF 2011-15,RIS policy team,Uni of Sunderland,GPROSTD323768,"86,123.00"
BIS,HEFCE,20/09/2012,SDF Recurrent,RIS policy team,Uni of Warwick,GPROSTD190854,"176,208.00"
BIS,HEFCE,20/09/2012,Teaching 12-13,E&P policy team,Uni of Warwick,GPROSTD321387,"4,989,670.00"
BIS,HEFCE,20/09/2012,Research 12-13,RIS policy team,Uni of Warwick,GPROSTD322629,"5,453,277.00"
BIS,HEFCE,20/09/2012,HEIF 2011-15,RIS policy team,Uni of Warwick,GPROSTD323840,"237,405.00"
BIS,HEFCE,20/09/2012,Teaching 12-13,E&P policy team,Uni of West London,GPROSTD321315,"2,431,210.00"
BIS,HEFCE,20/09/2012,Research 12-13,RIS policy team,Uni of West London,GPROSTD322602,"76,992.00"
BIS,HEFCE,20/09/2012,HEIF 2011-15,RIS policy team,Uni of West London,GPROSTD323816,"51,374.00"
BIS,HEFCE,20/09/2012,Inherited Staff,Finance,Uni of Westminster,GPROSTD314214,"33,300.00"
BIS,HEFCE,20/09/2012,Teaching 12-13,E&P policy team,Uni of Westminster,GPROSTD321432,"5,589,259.00"
BIS,HEFCE,20/09/2012,Research 12-13,RIS policy team,Uni of Westminster,GPROSTD322647,"650,960.00"
BIS,HEFCE,20/09/2012,HEIF 2011-15,RIS policy team,Uni of Westminster,GPROSTD323864,"104,152.00"
BIS,HEFCE,20/09/2012,Teaching 12-13,E&P policy team,Uni of Winchester,GPROSTD321495,"1,160,151.00"
BIS,HEFCE,20/09/2012,Research 12-13,RIS policy team,Uni of Winchester,GPROSTD322656,"101,136.00"
BIS,HEFCE,20/09/2012,Teaching 12-13,E&P policy team,Uni of Wolverhampton,GPROSTD321513,"5,084,038.00"
BIS,HEFCE,20/09/2012,Research 12-13,RIS policy team,Uni of Wolverhampton,GPROSTD322665,"288,633.00"
BIS,HEFCE,20/09/2012,HEIF 2011-15,RIS policy team,Uni of Wolverhampton,GPROSTD323876,"173,854.00"
BIS,HEFCE,20/09/2012,SDF Recurrent,RIS policy team,Uni of Worcester,GPROSTD25581,"166,500.00"
BIS,HEFCE,20/09/2012,Teaching 12-13,E&P policy team,Uni of Worcester,GPROSTD321540,"2,136,756.00"
BIS,HEFCE,20/09/2012,International,Regulatory Partnersh,Universities UK,GPROSTD286299,"120,310.00"
BIS,HEFCE,20/09/2012,Teaching 12-13,E&P policy team,University of Bath,GPROSTD318903,"4,143,396.00"
BIS,HEFCE,20/09/2012,Research 12-13,RIS policy team,University of Bath,GPROSTD321639,"2,784,329.00"
BIS,HEFCE,20/09/2012,HEIF 2011-15,RIS policy team,University of Bath,GPROSTD322736,"197,930.00"
BIS,HEFCE,20/09/2012,Teaching 12-13,E&P policy team,University of Bolton,GPROSTD319038,"1,670,705.00"
BIS,HEFCE,20/09/2012,Research 12-13,RIS policy team,University of Bolton,GPROSTD321675,"111,166.00"
BIS,HEFCE,20/09/2012,HEIF 2011-15,RIS policy team,University of Bolton,GPROSTD322772,"25,474.00"
BIS,HEFCE,20/09/2012,Teaching 12-13,E&P policy team,University of Derby,GPROSTD319533,"4,013,518.00"
BIS,HEFCE,20/09/2012,Research 12-13,RIS policy team,University of Derby,GPROSTD321873,"61,889.00"
BIS,HEFCE,20/09/2012,HEIF 2011-15,RIS policy team,University of Derby,GPROSTD323000,"56,184.00"
BIS,HEFCE,20/09/2012,Teaching 12-13,E&P policy team,University of Durham,GPROSTD319569,"4,606,386.00"
BIS,HEFCE,20/09/2012,Research 12-13,RIS policy team,University of Durham,GPROSTD321882,"4,072,766.00"
BIS,HEFCE,20/09/2012,HEIF 2011-15,RIS policy team,University of Durham,GPROSTD323012,"237,405.00"
BIS,HEFCE,20/09/2012,Teaching 12-13,E&P policy team,University of Essex,GPROSTD319650,"3,258,572.00"
BIS,HEFCE,20/09/2012,Research 12-13,RIS policy team,University of Essex,GPROSTD321927,"1,468,516.00"
BIS,HEFCE,20/09/2012,HEIF 2011-15,RIS policy team,University of Essex,GPROSTD323060,"61,730.00"
BIS,HEFCE,20/09/2012,SDF Capital LAT,RIS policy team,University of Exeter,GPROSTD304875,"32,932.00"
BIS,HEFCE,20/09/2012,Teaching 12-13,E&P policy team,University of Exeter,GPROSTD319668,"5,293,213.00"
BIS,HEFCE,20/09/2012,Research 12-13,RIS policy team,University of Exeter,GPROSTD321936,"3,107,695.00"
BIS,HEFCE,20/09/2012,HEIF 2011-15,RIS policy team,University of Exeter,GPROSTD323072,"223,738.00"
BIS,HEFCE,20/09/2012,Teaching 12-13,E&P policy team,University of Hull,GPROSTD319965,"4,426,951.00"
BIS,HEFCE,20/09/2012,Research 12-13,RIS policy team,University of Hull,GPROSTD322026,"1,259,477.00"
BIS,HEFCE,20/09/2012,HEIF 2011-15,RIS policy team,University of Hull,GPROSTD323168,"163,394.00"
BIS,HEFCE,20/09/2012,Teaching 12-13,E&P policy team,University of Kent,GPROSTD319992,"5,397,607.00"
BIS,HEFCE,20/09/2012,Research 12-13,RIS policy team,University of Kent,GPROSTD322053,"1,792,213.00"
BIS,HEFCE,20/09/2012,HEIF 2011-15,RIS policy team,University of Kent,GPROSTD323204,"73,259.00"
BIS,HEFCE,20/09/2012,Teaching 12-13,E&P policy team,University of Leeds,GPROSTD320109,"10,245,622.00"
BIS,HEFCE,20/09/2012,Research 12-13,RIS policy team,University of Leeds,GPROSTD322089,"7,808,186.00"
BIS,HEFCE,20/09/2012,HEIF 2011-15,RIS policy team,University of Leeds,GPROSTD323252,"237,405.00"
BIS,HEFCE,20/09/2012,SDF Recurrent,RIS policy team,University of Oxford,GPROSTD224602,"28,562.00"
BIS,HEFCE,20/09/2012,Teaching 12-13,E&P policy team,University of Oxford,GPROSTD320649,"6,992,479.00"
BIS,HEFCE,20/09/2012,Research 12-13,RIS policy team,University of Oxford,GPROSTD322350,"21,215,456.00"
BIS,HEFCE,20/09/2012,HEIF 2011-15,RIS policy team,University of Oxford,GPROSTD323552,"237,405.00"
BIS,HEFCE,20/09/2012,"Museums, Gal & Coll",RIS policy team,University of Oxford,GPROSTD324068,"279,472.00"
BIS,HEFCE,20/09/2012,Teaching 12-13,E&P policy team,University of Surrey,GPROSTD321252,"2,738,125.00"
BIS,HEFCE,20/09/2012,Research 12-13,RIS policy team,University of Surrey,GPROSTD322575,"2,516,058.00"
BIS,HEFCE,20/09/2012,HEIF 2011-15,RIS policy team,University of Surrey,GPROSTD323780,"237,405.00"
BIS,HEFCE,20/09/2012,Teaching 12-13,E&P policy team,University of Sussex,GPROSTD321261,"3,618,664.00"
BIS,HEFCE,20/09/2012,Research 12-13,RIS policy team,University of Sussex,GPROSTD322584,"2,504,603.00"
BIS,HEFCE,20/09/2012,HEIF 2011-15,RIS policy team,University of Sussex,GPROSTD323792,"154,909.00"
BIS,HEFCE,20/09/2012,Teaching 12-13,E&P policy team,University of York,GPROSTD321576,"3,771,472.00"
BIS,HEFCE,20/09/2012,Research 12-13,RIS policy team,University of York,GPROSTD322683,"4,095,746.00"
BIS,HEFCE,20/09/2012,HEIF 2011-15,RIS policy team,University of York,GPROSTD323888,"237,405.00"
BIS,HEFCE,20/09/2012,Teaching 12-13,E&P policy team,Uni West of England,GPROSTD321405,"6,260,046.00"
BIS,HEFCE,20/09/2012,Research 12-13,RIS policy team,Uni West of England,GPROSTD322638,"762,768.00"
BIS,HEFCE,20/09/2012,HEIF 2011-15,RIS policy team,Uni West of England,GPROSTD323852,"98,433.00"
BIS,HEFCE,20/09/2012,Teaching 12-13,E&P policy team,Uxbridge College,GPROSTD321360,"34,538.00"
BIS,HEFCE,20/09/2012,Teaching 12-13,E&P policy team,Wakefield College,GPROSTD321369,"153,192.00"
BIS,HEFCE,20/09/2012,Teaching 12-13,E&P policy team,Walsall College,GPROSTD321378,"96,656.00"
BIS,HEFCE,20/09/2012,Inherited Staff,Finance,Walsall LEA,GPROSTD314185,"32,282.00"
BIS,HEFCE,20/09/2012,Teaching 12-13,E&P policy team,Warwickshire College,GPROSTD321396,"360,887.00"
BIS,HEFCE,20/09/2012,Teaching 12-13,E&P policy team,West Notts College,GPROSTD321441,"243,864.00"
BIS,HEFCE,20/09/2012,Teaching 12-13,E&P policy team,West Thames Col,GPROSTD321450,"72,998.00"
BIS,HEFCE,20/09/2012,Teaching 12-13,E&P policy team,Wigan & Leigh Coll,GPROSTD321477,"254,298.00"
BIS,HEFCE,20/09/2012,Teaching 12-13,E&P policy team,Wiltshire College,GPROSTD321486,"128,372.00"
BIS,HEFCE,20/09/2012,Teaching 12-13,E&P policy team,Wirral Met College,GPROSTD321504,"125,994.00"
BIS,HEFCE,20/09/2012,Teaching 12-13,E&P policy team,Wminster Kingsw,GPROSTD321423,"90,158.00"
BIS,HEFCE,20/09/2012,Inherited Staff,Finance,Wolv'ton LEA,GPROSTD314192,"81,821.00"
BIS,HEFCE,20/09/2012,Teaching 12-13,E&P policy team,Worcester Coll Tech,GPROSTD321531,"442,948.00"
BIS,HEFCE,20/09/2012,Teaching 12-13,E&P policy team,Writtle College,GPROSTD321558,"521,437.00"
BIS,HEFCE,20/09/2012,Teaching 12-13,E&P policy team,York College,GPROSTD321594,"173,243.00"
BIS,HEFCE,20/09/2012,Teaching 12-13,E&P policy team,York St John Uni,GPROSTD321585,"1,005,697.00"
BIS,HEFCE,20/09/2012,Research 12-13,RIS policy team,York St John Uni,GPROSTD322692,"26,826.00"
BIS,HEFCE,25/09/2012,PD - research,R&E programme,I Graduate,PIC467,"25,983.00"
BIS,HEFCE,25/09/2012,Premises costs,Facilities Managemen,Workman Clt Almacant,PIS2193,"61,677.00"
BIS,HEFCE,29/09/2012,FE ITT Bursaries,E&P policy team,BIS,PIG6615,"3,121,257.00"
BIS,HEFCE,29/09/2012,Inherited Staff,Finance,Liverpool LEA,GPROSTD326518,"86,496.41"
BIS,HEFCE,29/09/2012,Inherited Staff,Finance,Sheffield LEA,GPROSTD326519,"46,279.31"
,,,,,,,
,,,,,,,
,,,,,,,
,,,,,,,
