DEPARTMENT|ENTITY|DATE|EXPENSETYPE|EXPENSEAREA|SUPPLIER|TRANSACTIONNUMBER|AMOUNT
BIS|HEFCE|11/11/2014|Premises costs|Facilities Managemen|GAD|PIS4205|66,834.52
BIS|HEFCE|11/11/2014|UKRPIF|Finance|SFC (HE)|PIG13405|1,234,920.00
BIS|HEFCE|13/11/2014|Professional serv|Regulation & Assuran|BIS|PIS3975|32,882.71
BIS|HEFCE|14/11/2014|Professional serv|ITS|SFW Limited|PIS4128|32,880.00
BIS|HEFCE|20/11/2014|Teaching 14-15|E&P policy team|Accrington|GPROSTD355254|25,244.00
BIS|HEFCE|20/11/2014|TCIF Round 2|Finance|Anglia Ruskin Uni|GPROSTD348176|376,948.00
BIS|HEFCE|20/11/2014|Teaching 14-15|E&P policy team|Anglia Ruskin Uni|GPROSTD355272|1,201,511.00
BIS|HEFCE|20/11/2014|Research 14-15|RIS policy team|Anglia Ruskin Uni|GPROSTD358296|126,469.00
BIS|HEFCE|20/11/2014|HEIF 2011-15 (BIS)|RIS policy team|Anglia Ruskin Uni|GPROSTD361473|129,720.00
BIS|HEFCE|20/11/2014|HEIF 2011-15|RIS policy team|Anglia Ruskin Uni|GPROSTD362364|43,240.00
BIS|HEFCE|20/11/2014|Teaching 12-13|E&P policy team|Anglia Ruskin Uni|GPROSTD366516|349,646.00
BIS|HEFCE|20/11/2014|TCIF Round 2|Finance|Arts Uni Bournemouth|GPROSTD348187|82,961.00
BIS|HEFCE|20/11/2014|Teaching 14-15|E&P policy team|Arts Uni Bournemouth|GPROSTD355281|160,515.00
BIS|HEFCE|20/11/2014|Teaching 14-15|E&P policy team|Askham Bryan College|GPROSTD355299|78,382.00
BIS|HEFCE|20/11/2014|RCIF Round 2|Finance|Aston University|GPROSTD328214|106,412.00
BIS|HEFCE|20/11/2014|TCIF Round 2|Finance|Aston University|GPROSTD348177|204,375.00
BIS|HEFCE|20/11/2014|Teaching 14-15|E&P policy team|Aston University|GPROSTD355308|977,427.00
BIS|HEFCE|20/11/2014|Research 14-15|RIS policy team|Aston University|GPROSTD358314|633,122.00
BIS|HEFCE|20/11/2014|HEIF 2011-15 (BIS)|RIS policy team|Aston University|GPROSTD361482|126,767.00
BIS|HEFCE|20/11/2014|HEIF 2011-15|RIS policy team|Aston University|GPROSTD362373|42,256.00
BIS|HEFCE|20/11/2014|Inherited Staff|Finance|Barking and Dagenham|GPROSTD347756|251,244.00
BIS|HEFCE|20/11/2014|Teaching 14-15|E&P policy team|Barking and Dagenham|GPROSTD355326|44,720.00
BIS|HEFCE|20/11/2014|Inherited Staff|Finance|Barnet LEA|GPROSTD347757|240,776.00
BIS|HEFCE|20/11/2014|Inherited Staff|Finance|Barnet LEA|GPROSTD364213|100,472.95
BIS|HEFCE|20/11/2014|Teaching 14-15|E&P policy team|Barnsley College|GPROSTD355353|53,759.00
BIS|HEFCE|20/11/2014|Inherited Staff|Finance|Bath LEA|GPROSTD347755|192,531.00
BIS|HEFCE|20/11/2014|TCIF Round 2|Finance|Bath Spa University|GPROSTD348179|171,678.00
BIS|HEFCE|20/11/2014|Teaching 14-15|E&P policy team|Bath Spa University|GPROSTD355371|310,795.00
BIS|HEFCE|20/11/2014|Research 14-15|RIS policy team|Bath Spa University|GPROSTD358323|59,355.00
BIS|HEFCE|20/11/2014|Teaching 14-15|E&P policy team|Bedford College|GPROSTD355389|57,218.00
BIS|HEFCE|20/11/2014|Inherited Staff|Finance|Beds LEA|GPROSTD347759|72,462.00
BIS|HEFCE|20/11/2014|RCIF Round 2|Finance|Birkbeck College|GPROSTD328218|164,334.00
BIS|HEFCE|20/11/2014|TCIF Round 2|Finance|Birkbeck College|GPROSTD348181|216,872.00
BIS|HEFCE|20/11/2014|Teaching 14-15|E&P policy team|Birkbeck College|GPROSTD355443|1,016,696.00
BIS|HEFCE|20/11/2014|Research 14-15|RIS policy team|Birkbeck College|GPROSTD358341|1,077,399.00
BIS|HEFCE|20/11/2014|HEIF 2011-15 (BIS)|RIS policy team|Birkbeck College|GPROSTD361500|48,060.00
BIS|HEFCE|20/11/2014|Catalyst Fund  (R)|RIS policy team|Birkbeck College|GPROSTD363281|57,143.00
BIS|HEFCE|20/11/2014|Catalyst Fund  (R)|RIS policy team|Birkbeck College|GPROSTD363282|57,143.00
BIS|HEFCE|20/11/2014|Teaching 12-13|E&P policy team|Birkbeck College|GPROSTD366522|54,940.00
BIS|HEFCE|20/11/2014|RCIF Round 2|Finance|Birmingham City Univ|GPROSTD328220|32,044.00
BIS|HEFCE|20/11/2014|TCIF Round 2|Finance|Birmingham City Univ|GPROSTD348183|403,137.00
BIS|HEFCE|20/11/2014|Teaching 14-15|E&P policy team|Birmingham City Univ|GPROSTD355776|1,184,060.00
BIS|HEFCE|20/11/2014|Research 14-15|RIS policy team|Birmingham City Univ|GPROSTD358458|191,609.00
BIS|HEFCE|20/11/2014|HEIF 2011-15 (BIS)|RIS policy team|Birmingham City Univ|GPROSTD361608|97,013.00
BIS|HEFCE|20/11/2014|HEIF 2011-15|RIS policy team|Birmingham City Univ|GPROSTD362499|32,338.00
BIS|HEFCE|20/11/2014|Inherited Staff|Finance|Birmingham LEA|GPROSTD347760|176,491.00
BIS|HEFCE|20/11/2014|Teaching 14-15|E&P policy team|Birmingham Met Coll|GPROSTD355470|58,430.00
BIS|HEFCE|20/11/2014|Capital for FECs|E&P policy team|Bishop Burton|GPROSTD354765|27,863.00
BIS|HEFCE|20/11/2014|Teaching 14-15|E&P policy team|Bishop Burton|GPROSTD355488|110,381.00
BIS|HEFCE|20/11/2014|TCIF Round 2|Finance|Bishop Gros Uni|GPROSTD348185|61,335.00
BIS|HEFCE|20/11/2014|Teaching 14-15|E&P policy team|Bishop Gros Uni|GPROSTD355479|68,402.00
BIS|HEFCE|20/11/2014|Teaching 12-13|E&P policy team|Bishop Gros Uni|GPROSTD366526|425,056.00
BIS|HEFCE|20/11/2014|Capital for FECs|E&P policy team|Blackburn College|GPROSTD354766|150,599.00
BIS|HEFCE|20/11/2014|Teaching 14-15|E&P policy team|Blackburn College|GPROSTD355506|212,029.00
BIS|HEFCE|20/11/2014|Capital for FECs|E&P policy team|Blackpool College|GPROSTD354767|153,950.00
BIS|HEFCE|20/11/2014|Teaching 14-15|E&P policy team|Blackpool College|GPROSTD355515|270,451.00
BIS|HEFCE|20/11/2014|Teaching 12-13|E&P policy team|Blackpool College|GPROSTD366528|32,362.00
BIS|HEFCE|20/11/2014|Inherited Staff|Finance|Bolton LEA|GPROSTD347761|47,825.00
BIS|HEFCE|20/11/2014|Teaching 14-15|E&P policy team|Bournemouth & Poole|GPROSTD355560|43,543.00
BIS|HEFCE|20/11/2014|RCIF Round 2|Finance|Bournemouth Uni|GPROSTD328222|28,927.00
BIS|HEFCE|20/11/2014|TCIF Round 2|Finance|Bournemouth Uni|GPROSTD348188|370,379.00
BIS|HEFCE|20/11/2014|Teaching 14-15|E&P policy team|Bournemouth Uni|GPROSTD355551|1,130,452.00
BIS|HEFCE|20/11/2014|Research 14-15|RIS policy team|Bournemouth Uni|GPROSTD358377|216,595.00
BIS|HEFCE|20/11/2014|HEIF 2011-15 (BIS)|RIS policy team|Bournemouth Uni|GPROSTD361527|48,094.00
BIS|HEFCE|20/11/2014|Capital for FECs|E&P policy team|Bradford College|GPROSTD354769|168,518.00
BIS|HEFCE|20/11/2014|Teaching 14-15|E&P policy team|Bradford College|GPROSTD355578|218,070.00
BIS|HEFCE|20/11/2014|Teaching 14-15|E&P policy team|Bridgwater College|GPROSTD355596|27,950.00
BIS|HEFCE|20/11/2014|Inherited Staff|Finance|Bromley LEA|GPROSTD347764|41,824.00
BIS|HEFCE|20/11/2014|RCIF Round 2|Finance|Brunel University|GPROSTD328226|199,574.00
BIS|HEFCE|20/11/2014|TCIF Round 2|Finance|Brunel University|GPROSTD348191|329,870.00
BIS|HEFCE|20/11/2014|Teaching 14-15|E&P policy team|Brunel University|GPROSTD355659|1,072,967.00
BIS|HEFCE|20/11/2014|Research 14-15|RIS policy team|Brunel University|GPROSTD358413|1,226,044.00
BIS|HEFCE|20/11/2014|HEIF 2011-15 (BIS)|RIS policy team|Brunel University|GPROSTD361563|84,335.00
BIS|HEFCE|20/11/2014|HEIF 2011-15|RIS policy team|Brunel University|GPROSTD362454|28,112.00
BIS|HEFCE|20/11/2014|Inherited Staff|Finance|Bucks County Council|GPROSTD347765|109,316.00
BIS|HEFCE|20/11/2014|TCIF Round 2|Finance|Bucks New University|GPROSTD348192|164,378.00
BIS|HEFCE|20/11/2014|Teaching 14-15|E&P policy team|Bucks New University|GPROSTD355668|424,188.00
BIS|HEFCE|20/11/2014|Research 14-15|RIS policy team|Bucks New University|GPROSTD358422|25,928.00
BIS|HEFCE|20/11/2014|HEIF 2011-15 (BIS)|RIS policy team|Bucks New University|GPROSTD361572|56,748.00
BIS|HEFCE|20/11/2014|Teaching 14-15|E&P policy team|Burnley College|GPROSTD355677|28,619.00
BIS|HEFCE|20/11/2014|TCIF Round 2|Finance|Canterbury CCUC|GPROSTD348195|298,005.00
BIS|HEFCE|20/11/2014|Teaching 14-15|E&P policy team|Canterbury CCUC|GPROSTD355731|497,881.00
BIS|HEFCE|20/11/2014|Research 14-15|RIS policy team|Canterbury CCUC|GPROSTD358440|94,233.00
BIS|HEFCE|20/11/2014|HEIF 2011-15 (BIS)|RIS policy team|Canterbury CCUC|GPROSTD361590|65,879.00
BIS|HEFCE|20/11/2014|Teaching 14-15|E&P policy team|Canterbury College|GPROSTD355749|30,586.00
BIS|HEFCE|20/11/2014|Teaching 14-15|E&P policy team|Central College Nott|GPROSTD357684|34,396.00
BIS|HEFCE|20/11/2014|Inherited Staff|Finance|Cheshire West|GPROSTD347767|114,146.00
BIS|HEFCE|20/11/2014|Teaching 14-15|E&P policy team|Chesterfield College|GPROSTD355821|40,582.00
BIS|HEFCE|20/11/2014|Teaching 14-15|E&P policy team|City College Norwich|GPROSTD357225|65,600.00
BIS|HEFCE|20/11/2014|Teaching 14-15|E&P policy team|City Liverpool Col|GPROSTD355911|25,660.00
BIS|HEFCE|20/11/2014|Teaching 12-13|E&P policy team|City of Bath College|GPROSTD366549|61,427.00
BIS|HEFCE|20/11/2014|Inherited Staff|Finance|City of Bradford|GPROSTD347762|87,005.00
BIS|HEFCE|20/11/2014|Teaching 14-15|E&P policy team|City of Bristol Coll|GPROSTD355920|67,826.00
BIS|HEFCE|20/11/2014|Teaching 14-15|E&P policy team|City of Westminster|GPROSTD355866|48,342.00
BIS|HEFCE|20/11/2014|Teaching 14-15|E&P policy team|Cleveland College|GPROSTD355938|53,296.00
BIS|HEFCE|20/11/2014|Teaching 14-15|E&P policy team|Colchester Institute|GPROSTD355947|26,296.00
BIS|HEFCE|20/11/2014|TCIF Round 2|Finance|Conservatoire D&D|GPROSTD348293|64,474.00
BIS|HEFCE|20/11/2014|Teaching 14-15|E&P policy team|Conservatoire D&D|GPROSTD355956|634,028.00
BIS|HEFCE|20/11/2014|HEIF 2011-15 (BIS)|RIS policy team|Conservatoire D&D|GPROSTD361653|28,125.00
BIS|HEFCE|20/11/2014|Teaching 14-15|E&P policy team|Cornwall College|GPROSTD355965|77,798.00
BIS|HEFCE|20/11/2014|Teaching 14-15|E&P policy team|Courtauld Institute|GPROSTD355974|51,423.00
BIS|HEFCE|20/11/2014|Research 14-15|RIS policy team|Courtauld Institute|GPROSTD358512|122,238.00
BIS|HEFCE|20/11/2014|Museums, Gal & Coll|RIS policy team|Courtauld Institute|GPROSTD363853|80,417.00
BIS|HEFCE|20/11/2014|Inherited Staff|Finance|Coventry LEA|GPROSTD347768|84,096.00
BIS|HEFCE|20/11/2014|RCIF Round 2|Finance|Coventry University|GPROSTD328236|43,512.00
BIS|HEFCE|20/11/2014|Catalyst Fund  (R)|RIS policy team|Coventry University|GPROSTD347158|213,857.00
BIS|HEFCE|20/11/2014|TCIF Round 2|Finance|Coventry University|GPROSTD348201|460,788.00
BIS|HEFCE|20/11/2014|Teaching 14-15|E&P policy team|Coventry University|GPROSTD355983|1,634,303.00
BIS|HEFCE|20/11/2014|Research 14-15|RIS policy team|Coventry University|GPROSTD358521|212,997.00
BIS|HEFCE|20/11/2014|HEIF 2011-15 (BIS)|RIS policy team|Coventry University|GPROSTD361662|213,750.00
BIS|HEFCE|20/11/2014|HEIF 2011-15|RIS policy team|Coventry University|GPROSTD362553|71,250.00
BIS|HEFCE|20/11/2014|RCIF Round 2|Finance|Cranfield University|GPROSTD328237|393,909.00
BIS|HEFCE|20/11/2014|TCIF Round 2|Finance|Cranfield University|GPROSTD348202|91,769.00
BIS|HEFCE|20/11/2014|Teaching 14-15|E&P policy team|Cranfield University|GPROSTD356001|739,690.00
BIS|HEFCE|20/11/2014|Research 14-15|RIS policy team|Cranfield University|GPROSTD358530|1,184,523.00
BIS|HEFCE|20/11/2014|HEIF 2011-15 (BIS)|RIS policy team|Cranfield University|GPROSTD361671|213,750.00
BIS|HEFCE|20/11/2014|HEIF 2011-15|RIS policy team|Cranfield University|GPROSTD362562|71,250.00
BIS|HEFCE|20/11/2014|Teaching 14-15|E&P policy team|Craven College|GPROSTD355992|35,236.00
BIS|HEFCE|20/11/2014|Teaching 14-15|E&P policy team|Croydon College|GPROSTD356019|27,780.00
BIS|HEFCE|20/11/2014|RCIF Round 2|Finance|De Montfort Uni|GPROSTD328239|92,238.00
BIS|HEFCE|20/11/2014|TCIF Round 2|Finance|De Montfort Uni|GPROSTD348204|471,258.00
BIS|HEFCE|20/11/2014|Teaching 14-15|E&P policy team|De Montfort Uni|GPROSTD356046|1,305,902.00
BIS|HEFCE|20/11/2014|Research 14-15|RIS policy team|De Montfort Uni|GPROSTD358557|471,906.00
BIS|HEFCE|20/11/2014|HEIF 2011-15 (BIS)|RIS policy team|De Montfort Uni|GPROSTD361680|76,840.00
BIS|HEFCE|20/11/2014|HEIF 2011-15|RIS policy team|De Montfort Uni|GPROSTD362571|25,613.00
BIS|HEFCE|20/11/2014|Inherited Staff|Finance|Derbyshire LEA|GPROSTD347772|45,780.00
BIS|HEFCE|20/11/2014|Inherited Staff|Finance|Devon County Council|GPROSTD347773|107,902.00
BIS|HEFCE|20/11/2014|Capital for FECs|E&P policy team|Doncaster College|GPROSTD354784|53,429.00
BIS|HEFCE|20/11/2014|Teaching 14-15|E&P policy team|Doncaster College|GPROSTD356073|73,880.00
BIS|HEFCE|20/11/2014|Inherited Staff|Finance|Doncaster Council|GPROSTD347774|51,023.00
BIS|HEFCE|20/11/2014|Inherited Staff|Finance|Dorset LEA|GPROSTD347775|78,940.00
BIS|HEFCE|20/11/2014|Teaching 14-15|E&P policy team|Dudley College|GPROSTD356082|28,318.00
BIS|HEFCE|20/11/2014|Inherited Staff|Finance|Durham LEA|GPROSTD347777|36,459.00
BIS|HEFCE|20/11/2014|Inherited Staff|Finance|Ealing LEA|GPROSTD347778|39,335.00
BIS|HEFCE|20/11/2014|Inherited Staff|Finance|East Riding|GPROSTD347779|154,392.00
BIS|HEFCE|20/11/2014|Inherited Staff|Finance|East Sussex LEA|GPROSTD347780|247,889.00
BIS|HEFCE|20/11/2014|Equal opportunities|LGM|ECU|PIG13483|78,209.00
BIS|HEFCE|20/11/2014|TCIF Round 2|Finance|Edge Hill University|GPROSTD348209|298,566.00
BIS|HEFCE|20/11/2014|Teaching 14-15|E&P policy team|Edge Hill University|GPROSTD356163|544,054.00
BIS|HEFCE|20/11/2014|Research 14-15|RIS policy team|Edge Hill University|GPROSTD358602|28,010.00
BIS|HEFCE|20/11/2014|Teaching 12-13|E&P policy team|Edge Hill University|GPROSTD366567|84,708.00
BIS|HEFCE|20/11/2014|Inherited Staff|Finance|Essex LEA|GPROSTD347781|41,666.00
BIS|HEFCE|20/11/2014|TCIF Round 2|Finance|Falmouth Uni|GPROSTD348213|113,812.00
BIS|HEFCE|20/11/2014|Teaching 14-15|E&P policy team|Falmouth Uni|GPROSTD356217|393,049.00
BIS|HEFCE|20/11/2014|Research 14-15|RIS policy team|Falmouth Uni|GPROSTD358638|49,399.00
BIS|HEFCE|20/11/2014|Capital for FECs|E&P policy team|Farnborough College|GPROSTD354792|25,447.00
BIS|HEFCE|20/11/2014|Teaching 14-15|E&P policy team|Farnborough College|GPROSTD356235|46,709.00
BIS|HEFCE|20/11/2014|Promoting Efficiency|LGM|FX Plus|GPROSTD354476|25,000.00
BIS|HEFCE|20/11/2014|Teaching 14-15|E&P policy team|Gateshead College|GPROSTD356253|37,617.00
BIS|HEFCE|20/11/2014|Teaching 14-15|E&P policy team|Gloucestershire Coll|GPROSTD356271|41,786.00
BIS|HEFCE|20/11/2014|Inherited Staff|Finance|Gloucs LEA|GPROSTD347782|57,907.00
BIS|HEFCE|20/11/2014|RCIF Round 2|Finance|Goldsmiths' College|GPROSTD328250|108,228.00
BIS|HEFCE|20/11/2014|Inherited Staff|Finance|Goldsmiths' College|GPROSTD347833|43,112.00
BIS|HEFCE|20/11/2014|TCIF Round 2|Finance|Goldsmiths' College|GPROSTD348215|161,112.00
BIS|HEFCE|20/11/2014|Teaching 14-15|E&P policy team|Goldsmiths' College|GPROSTD356280|489,047.00
BIS|HEFCE|20/11/2014|Research 14-15|RIS policy team|Goldsmiths' College|GPROSTD358656|848,757.00
BIS|HEFCE|20/11/2014|Capital for FECs|E&P policy team|Grimsby Institute|GPROSTD354795|110,928.00
BIS|HEFCE|20/11/2014|Teaching 14-15|E&P policy team|Grimsby Institute|GPROSTD356307|171,418.00
BIS|HEFCE|20/11/2014|Teaching 14-15|E&P policy team|Guildford College|GPROSTD356316|56,629.00
BIS|HEFCE|20/11/2014|Teaching 14-15|E&P policy team|Guildhall Sch M & D|GPROSTD356325|104,475.00
BIS|HEFCE|20/11/2014|Research 14-15|RIS policy team|Guildhall Sch M & D|GPROSTD358674|26,348.00
BIS|HEFCE|20/11/2014|Catalyst Fund C (R)|RIS policy team|Hadlow College|GPROSTD347139|40,000.00
BIS|HEFCE|20/11/2014|Catalyst Fund C (T)|RIS policy team|Hadlow College|GPROSTD347145|60,000.00
BIS|HEFCE|20/11/2014|Inherited Staff|Finance|Hampshire LEA|GPROSTD347783|291,494.00
BIS|HEFCE|20/11/2014|Revolving Green Fund|RIS policy team|Harper Adams Uni|GPROSTD261896|60,000.00
BIS|HEFCE|20/11/2014|TCIF Round 2|Finance|Harper Adams Uni|GPROSTD348218|119,992.00
BIS|HEFCE|20/11/2014|Teaching 14-15|E&P policy team|Harper Adams Uni|GPROSTD356379|736,820.00
BIS|HEFCE|20/11/2014|Research 14-15|RIS policy team|Harper Adams Uni|GPROSTD358683|40,827.00
BIS|HEFCE|20/11/2014|Teaching 12-13|E&P policy team|Harper Adams Uni|GPROSTD366736|376,178.00
BIS|HEFCE|20/11/2014|Capital for FECs|E&P policy team|Hartpury College|GPROSTD354913|25,057.00
BIS|HEFCE|20/11/2014|Teaching 14-15|E&P policy team|Hartpury College|GPROSTD356388|91,942.00
BIS|HEFCE|20/11/2014|Capital for FECs|E&P policy team|Havering College|GPROSTD354798|30,925.00
BIS|HEFCE|20/11/2014|Teaching 14-15|E&P policy team|Havering College|GPROSTD356415|99,727.00
BIS|HEFCE|20/11/2014|Nat Teaching Fellows|E&P policy team|HE Academy|GPROSTD363787|480,000.00
BIS|HEFCE|20/11/2014|HE Academy|E&P policy team|HE Academy|GPROSTD364075|350,000.00
BIS|HEFCE|20/11/2014|Inherited Staff|Finance|Hertfordshire CC|GPROSTD347785|86,769.00
BIS|HEFCE|20/11/2014|HEDIIP|Regulatory Partnersh|HESA|GPROSTD364206|80,909.00
BIS|HEFCE|20/11/2014|HEDIIP|Regulatory Partnersh|HESA|GPROSTD364207|68,587.00
BIS|HEFCE|20/11/2014|Inherited Staff|Finance|Hounslow LEA|GPROSTD347786|34,304.00
BIS|HEFCE|20/11/2014|Capital for FECs|E&P policy team|Hull College|GPROSTD354804|98,747.00
BIS|HEFCE|20/11/2014|Teaching 14-15|E&P policy team|Hull College|GPROSTD356523|123,042.00
BIS|HEFCE|20/11/2014|SDF Recurrent|RIS policy team|Imperial College|GPROSTD287399|30,214.00
BIS|HEFCE|20/11/2014|SDF Recurrent|RIS policy team|Imperial College|GPROSTD304065|31,045.00
BIS|HEFCE|20/11/2014|RCIF Round 2|Finance|Imperial College|GPROSTD328256|2,815,983.00
BIS|HEFCE|20/11/2014|TCIF Round 2|Finance|Imperial College|GPROSTD348223|501,511.00
BIS|HEFCE|20/11/2014|Teaching 14-15|E&P policy team|Imperial College|GPROSTD356550|3,541,716.00
BIS|HEFCE|20/11/2014|Research 14-15|RIS policy team|Imperial College|GPROSTD358728|10,896,559.00
BIS|HEFCE|20/11/2014|HEIF 2011-15 (BIS)|RIS policy team|Imperial College|GPROSTD361824|213,750.00
BIS|HEFCE|20/11/2014|HEIF 2011-15|RIS policy team|Imperial College|GPROSTD362715|71,250.00
BIS|HEFCE|20/11/2014|RCIF Round 2|Finance|Inst Cancer Research|GPROSTD328229|396,224.00
BIS|HEFCE|20/11/2014|Teaching 14-15|E&P policy team|Inst Cancer Research|GPROSTD355740|73,932.00
BIS|HEFCE|20/11/2014|Research 14-15|RIS policy team|Inst Cancer Research|GPROSTD358449|1,823,767.00
BIS|HEFCE|20/11/2014|HEIF 2011-15 (BIS)|RIS policy team|Inst Cancer Research|GPROSTD361599|52,734.00
BIS|HEFCE|20/11/2014|RCIF Round 2|Finance|Inst of Education|GPROSTD328245|226,298.00
BIS|HEFCE|20/11/2014|TCIF Round 2|Finance|Inst of Education|GPROSTD348210|81,009.00
BIS|HEFCE|20/11/2014|Teaching 14-15|E&P policy team|Inst of Education|GPROSTD356172|212,478.00
BIS|HEFCE|20/11/2014|Research 14-15|RIS policy team|Inst of Education|GPROSTD358611|861,379.00
BIS|HEFCE|20/11/2014|HEIF 2011-15 (BIS)|RIS policy team|Inst of Education|GPROSTD361725|76,577.00
BIS|HEFCE|20/11/2014|HEIF 2011-15|RIS policy team|Inst of Education|GPROSTD362616|25,526.00
BIS|HEFCE|20/11/2014|JISC|JISC NAH|JISC|GPROSTD363328|2,558,333.00
BIS|HEFCE|20/11/2014|JISC Capital (T)|RIS policy team|JISC|GPROSTD364130|1,400,010.00
BIS|HEFCE|20/11/2014|JISC Capital (R)|JISC NAH|JISC|GPROSTD364136|933,340.00
BIS|HEFCE|20/11/2014|Inherited Staff|Finance|Kent LEA|GPROSTD347787|40,421.00
BIS|HEFCE|20/11/2014|RCIF Round 2|Finance|King's College|GPROSTD328259|1,341,685.00
BIS|HEFCE|20/11/2014|TCIF Round 2|Finance|King's College|GPROSTD348226|618,557.00
BIS|HEFCE|20/11/2014|Teaching 14-15|E&P policy team|King's College|GPROSTD356604|4,375,622.00
BIS|HEFCE|20/11/2014|Research 14-15|RIS policy team|King's College|GPROSTD358755|6,395,523.00
BIS|HEFCE|20/11/2014|HEIF 2011-15 (BIS)|RIS policy team|King's College|GPROSTD361851|213,750.00
BIS|HEFCE|20/11/2014|HEIF 2011-15|RIS policy team|King's College|GPROSTD362742|71,250.00
BIS|HEFCE|20/11/2014|Teaching 12-13|E&P policy team|King's College|GPROSTD366595|160,369.00
BIS|HEFCE|20/11/2014|Teaching 14-15|E&P policy team|Kingston College|GPROSTD356595|38,415.00
BIS|HEFCE|20/11/2014|Teaching 12-13|E&P policy team|Kingston College|GPROSTD366594|50,561.00
BIS|HEFCE|20/11/2014|Inherited Staff|Finance|Kingston LEA|GPROSTD347788|50,986.00
BIS|HEFCE|20/11/2014|Teaching 12-13|E&P policy team|Kingston Maurward|GPROSTD366597|25,110.00
BIS|HEFCE|20/11/2014|RCIF Round 2|Finance|Kingston University|GPROSTD328260|45,546.00
BIS|HEFCE|20/11/2014|TCIF Round 2|Finance|Kingston University|GPROSTD348227|614,967.00
BIS|HEFCE|20/11/2014|Teaching 14-15|E&P policy team|Kingston University|GPROSTD356613|1,917,528.00
BIS|HEFCE|20/11/2014|Research 14-15|RIS policy team|Kingston University|GPROSTD358764|330,741.00
BIS|HEFCE|20/11/2014|HEIF 2011-15 (BIS)|RIS policy team|Kingston University|GPROSTD361860|68,329.00
BIS|HEFCE|20/11/2014|Teaching 14-15|E&P policy team|Kirklees College|GPROSTD356649|36,071.00
BIS|HEFCE|20/11/2014|Inherited Staff|Finance|Kirklees Council|GPROSTD347789|99,259.00
BIS|HEFCE|20/11/2014|Teaching 14-15|E&P policy team|Lakes College|GPROSTD356667|42,473.00
BIS|HEFCE|20/11/2014|Inherited Staff|Finance|Lancashire LEA|GPROSTD347790|159,806.00
BIS|HEFCE|20/11/2014|Leaders Foundation|LGM|Leader Foundation HE|GPROSTD364100|75,000.00
BIS|HEFCE|20/11/2014|TCIF Round 2|Finance|Leeds Bec University|GPROSTD348230|564,704.00
BIS|HEFCE|20/11/2014|Teaching 14-15|E&P policy team|Leeds Bec University|GPROSTD356721|1,207,356.00
BIS|HEFCE|20/11/2014|Research 14-15|RIS policy team|Leeds Bec University|GPROSTD358791|186,273.00
BIS|HEFCE|20/11/2014|HEIF 2011-15 (BIS)|RIS policy team|Leeds Bec University|GPROSTD361887|112,590.00
BIS|HEFCE|20/11/2014|HEIF 2011-15|RIS policy team|Leeds Bec University|GPROSTD362778|37,530.00
BIS|HEFCE|20/11/2014|Capital for FECs|E&P policy team|Leeds City College|GPROSTD354809|92,091.00
BIS|HEFCE|20/11/2014|Teaching 14-15|E&P policy team|Leeds City College|GPROSTD356730|131,327.00
BIS|HEFCE|20/11/2014|TCIF Round 2|Finance|Leeds College of Art|GPROSTD348231|34,051.00
BIS|HEFCE|20/11/2014|Teaching 14-15|E&P policy team|Leeds College of Art|GPROSTD356703|66,063.00
BIS|HEFCE|20/11/2014|Inherited Staff|Finance|Leeds LEA|GPROSTD347791|213,554.00
BIS|HEFCE|20/11/2014|TCIF Round 2|Finance|Leeds Trinity Uni|GPROSTD348232|78,725.00
BIS|HEFCE|20/11/2014|Teaching 14-15|E&P policy team|Leeds Trinity Uni|GPROSTD358008|113,801.00
BIS|HEFCE|20/11/2014|Teaching 14-15|E&P policy team|Leicester College|GPROSTD356739|47,646.00
BIS|HEFCE|20/11/2014|Inherited Staff|Finance|Leics LEA|GPROSTD347792|227,783.00
BIS|HEFCE|20/11/2014|Teaching 14-15|E&P policy team|Lincoln College|GPROSTD356775|46,380.00
BIS|HEFCE|20/11/2014|TCIF Round 2|Finance|Liverpool Hope Uni|GPROSTD348236|174,590.00
BIS|HEFCE|20/11/2014|Teaching 14-15|E&P policy team|Liverpool Hope Uni|GPROSTD356793|274,320.00
BIS|HEFCE|20/11/2014|Research 14-15|RIS policy team|Liverpool Hope Uni|GPROSTD358827|34,372.00
BIS|HEFCE|20/11/2014|HEIF 2011-15 (BIS)|RIS policy team|Liverpool Hope Uni|GPROSTD361923|51,366.00
BIS|HEFCE|20/11/2014|Teaching 14-15|E&P policy team|Liverpool Inst PA|GPROSTD356811|117,624.00
BIS|HEFCE|20/11/2014|RCIF Round 2|Finance|Liverpool John Moore|GPROSTD328267|113,971.00
BIS|HEFCE|20/11/2014|TCIF Round 2|Finance|Liverpool John Moore|GPROSTD348237|576,744.00
BIS|HEFCE|20/11/2014|Teaching 14-15|E&P policy team|Liverpool John Moore|GPROSTD356784|1,486,214.00
BIS|HEFCE|20/11/2014|Research 14-15|RIS policy team|Liverpool John Moore|GPROSTD358818|381,744.00
BIS|HEFCE|20/11/2014|HEIF 2011-15 (BIS)|RIS policy team|Liverpool John Moore|GPROSTD361914|145,608.00
BIS|HEFCE|20/11/2014|HEIF 2011-15|RIS policy team|Liverpool John Moore|GPROSTD362805|48,536.00
BIS|HEFCE|20/11/2014|Inherited Staff|Finance|Liverpool LEA|GPROSTD347794|264,002.00
BIS|HEFCE|20/11/2014|RCIF Round 2|Finance|London Bus School|GPROSTD328270|42,908.00
BIS|HEFCE|20/11/2014|Research 14-15|RIS policy team|London Bus School|GPROSTD358863|398,057.00
BIS|HEFCE|20/11/2014|HEIF 2011-15 (BIS)|RIS policy team|London Bus School|GPROSTD361950|213,750.00
BIS|HEFCE|20/11/2014|HEIF 2011-15|RIS policy team|London Bus School|GPROSTD362841|71,250.00
BIS|HEFCE|20/11/2014|RCIF Round 2|Finance|London Met Uni|GPROSTD328273|51,315.00
BIS|HEFCE|20/11/2014|Inherited Staff|Finance|London Met Uni|GPROSTD347835|267,587.00
BIS|HEFCE|20/11/2014|TCIF Round 2|Finance|London Met Uni|GPROSTD348241|464,747.00
BIS|HEFCE|20/11/2014|Teaching 14-15|E&P policy team|London Met Uni|GPROSTD356865|1,494,248.00
BIS|HEFCE|20/11/2014|Research 14-15|RIS policy team|London Met Uni|GPROSTD358890|268,577.00
BIS|HEFCE|20/11/2014|HEIF 2011-15 (BIS)|RIS policy team|London Met Uni|GPROSTD361968|116,046.00
BIS|HEFCE|20/11/2014|HEIF 2011-15|RIS policy team|London Met Uni|GPROSTD362859|38,682.00
BIS|HEFCE|20/11/2014|Inherited Staff|Finance|London PFA|GPROSTD347795|142,568.00
BIS|HEFCE|20/11/2014|RCIF Round 2|Finance|London Sch Economics|GPROSTD328271|254,206.00
BIS|HEFCE|20/11/2014|TCIF Round 2|Finance|London Sch Economics|GPROSTD348240|99,959.00
BIS|HEFCE|20/11/2014|Teaching 14-15|E&P policy team|London Sch Economics|GPROSTD356847|186,054.00
BIS|HEFCE|20/11/2014|Research 14-15|RIS policy team|London Sch Economics|GPROSTD358872|1,823,846.00
BIS|HEFCE|20/11/2014|HEIF 2011-15 (BIS)|RIS policy team|London Sch Economics|GPROSTD361959|126,563.00
BIS|HEFCE|20/11/2014|HEIF 2011-15|RIS policy team|London Sch Economics|GPROSTD362850|42,188.00
BIS|HEFCE|20/11/2014|RCIF Round 2|Finance|London Sch Hygiene|GPROSTD328272|377,258.00
BIS|HEFCE|20/11/2014|TCIF Round 2|Finance|London Sch Hygiene|GPROSTD348297|30,441.00
BIS|HEFCE|20/11/2014|Teaching 14-15|E&P policy team|London Sch Hygiene|GPROSTD356856|328,522.00
BIS|HEFCE|20/11/2014|Research 14-15|RIS policy team|London Sch Hygiene|GPROSTD358881|1,971,351.00
BIS|HEFCE|20/11/2014|RCIF Round 2|Finance|London South Bank|GPROSTD328274|47,742.00
BIS|HEFCE|20/11/2014|Inherited Staff|Finance|London South Bank|GPROSTD347836|53,438.00
BIS|HEFCE|20/11/2014|TCIF Round 2|Finance|London South Bank|GPROSTD348242|365,758.00
BIS|HEFCE|20/11/2014|Teaching 14-15|E&P policy team|London South Bank|GPROSTD356874|1,393,498.00
BIS|HEFCE|20/11/2014|Research 14-15|RIS policy team|London South Bank|GPROSTD358899|215,117.00
BIS|HEFCE|20/11/2014|HEIF 2011-15 (BIS)|RIS policy team|London South Bank|GPROSTD361977|60,564.00
BIS|HEFCE|20/11/2014|Teaching 14-15|E&P policy team|Loughborough College|GPROSTD356892|62,022.00
BIS|HEFCE|20/11/2014|RCIF Round 2|Finance|Loughborough Uni|GPROSTD328275|450,692.00
BIS|HEFCE|20/11/2014|Catalyst Fund  (R)|RIS policy team|Loughborough Uni|GPROSTD343133|104,250.00
BIS|HEFCE|20/11/2014|SIVS|E&P policy team|Loughborough Uni|GPROSTD343284|70,510.00
BIS|HEFCE|20/11/2014|TCIF Round 2|Finance|Loughborough Uni|GPROSTD348244|401,047.00
BIS|HEFCE|20/11/2014|Teaching 14-15|E&P policy team|Loughborough Uni|GPROSTD356901|1,391,621.00
BIS|HEFCE|20/11/2014|Research 14-15|RIS policy team|Loughborough Uni|GPROSTD358917|2,296,168.00
BIS|HEFCE|20/11/2014|HEIF 2011-15 (BIS)|RIS policy team|Loughborough Uni|GPROSTD361995|122,683.00
BIS|HEFCE|20/11/2014|HEIF 2011-15|RIS policy team|Loughborough Uni|GPROSTD362886|40,895.00
BIS|HEFCE|20/11/2014|Research 14-15|RIS policy team|LSTM|GPROSTD358845|623,510.00
BIS|HEFCE|20/11/2014|Teaching 14-15|E&P policy team|Macclesfield College|GPROSTD356919|91,154.00
BIS|HEFCE|20/11/2014|Inherited Staff|Finance|Manchester Cty Couni|GPROSTD347796|343,224.00
BIS|HEFCE|20/11/2014|RCIF Round 2|Finance|Manchester Met|GPROSTD328277|79,346.00
BIS|HEFCE|20/11/2014|TCIF Round 2|Finance|Manchester Met|GPROSTD348246|775,528.00
BIS|HEFCE|20/11/2014|Teaching 14-15|E&P policy team|Manchester Met|GPROSTD356928|1,799,404.00
BIS|HEFCE|20/11/2014|Research 14-15|RIS policy team|Manchester Met|GPROSTD358935|570,511.00
BIS|HEFCE|20/11/2014|HEIF 2011-15 (BIS)|RIS policy team|Manchester Met|GPROSTD362013|103,683.00
BIS|HEFCE|20/11/2014|HEIF 2011-15|RIS policy team|Manchester Met|GPROSTD362904|34,561.00
BIS|HEFCE|20/11/2014|Inherited Staff|Finance|Mid'brough Council|GPROSTD347797|47,354.00
BIS|HEFCE|20/11/2014|RCIF Round 2|Finance|Middlesex University|GPROSTD328278|46,883.00
BIS|HEFCE|20/11/2014|TCIF Round 2|Finance|Middlesex University|GPROSTD348247|419,603.00
BIS|HEFCE|20/11/2014|Teaching 14-15|E&P policy team|Middlesex University|GPROSTD356955|1,150,939.00
BIS|HEFCE|20/11/2014|Research 14-15|RIS policy team|Middlesex University|GPROSTD358953|288,505.00
BIS|HEFCE|20/11/2014|HEIF 2011-15 (BIS)|RIS policy team|Middlesex University|GPROSTD362031|42,188.00
BIS|HEFCE|20/11/2014|Teaching 14-15|E&P policy team|Mid-Kent College|GPROSTD356964|54,260.00
BIS|HEFCE|20/11/2014|Teaching 14-15|E&P policy team|Moulton College|GPROSTD356982|60,537.00
BIS|HEFCE|20/11/2014|Teaching 14-15|E&P policy team|National Film & TV|GPROSTD357081|36,370.00
BIS|HEFCE|20/11/2014|Capital for FECs|E&P policy team|NCG|GPROSTD354819|161,492.00
BIS|HEFCE|20/11/2014|Teaching 14-15|E&P policy team|NCG|GPROSTD357018|291,917.00
BIS|HEFCE|20/11/2014|Teaching 13-14|E&P policy team|NCG|GPROSTD366712|663,967.00
BIS|HEFCE|20/11/2014|Policy Ongoing Serv|Central|NCUB|GPROSTD333838|50,000.00
BIS|HEFCE|20/11/2014|Inherited Staff|Finance|Newcastle LEA|GPROSTD347798|116,221.00
BIS|HEFCE|20/11/2014|RCIF Round 2|Finance|Newcastle University|GPROSTD328279|892,214.00
BIS|HEFCE|20/11/2014|TCIF Round 2|Finance|Newcastle University|GPROSTD348248|569,764.00
BIS|HEFCE|20/11/2014|Teaching 14-15|E&P policy team|Newcastle University|GPROSTD357054|2,902,225.00
BIS|HEFCE|20/11/2014|Research 14-15|RIS policy team|Newcastle University|GPROSTD358971|3,838,103.00
BIS|HEFCE|20/11/2014|HEIF 2011-15 (BIS)|RIS policy team|Newcastle University|GPROSTD362040|213,750.00
BIS|HEFCE|20/11/2014|HEIF 2011-15|RIS policy team|Newcastle University|GPROSTD362931|71,250.00
BIS|HEFCE|20/11/2014|Capital for FECs|E&P policy team|New College Durham|GPROSTD354786|62,460.00
BIS|HEFCE|20/11/2014|Teaching 14-15|E&P policy team|New College Durham|GPROSTD357009|81,585.00
BIS|HEFCE|20/11/2014|Teaching 14-15|E&P policy team|New College Notts|GPROSTD357027|69,571.00
BIS|HEFCE|20/11/2014|Teaching 14-15|E&P policy team|Newham College|GPROSTD357036|42,324.00
BIS|HEFCE|20/11/2014|TCIF Round 2|Finance|Newman Uni|GPROSTD348249|76,713.00
BIS|HEFCE|20/11/2014|Teaching 14-15|E&P policy team|Newman Uni|GPROSTD357045|113,981.00
BIS|HEFCE|20/11/2014|Capital for FECs|E&P policy team|Northbrook College|GPROSTD354827|59,069.00
BIS|HEFCE|20/11/2014|Teaching 14-15|E&P policy team|Northbrook College|GPROSTD357099|99,116.00
BIS|HEFCE|20/11/2014|Teaching 14-15|E&P policy team|North East Surrey|GPROSTD357126|54,196.00
BIS|HEFCE|20/11/2014|Teaching 14-15|E&P policy team|North East Worcs Col|GPROSTD363351|107,812.00
BIS|HEFCE|20/11/2014|Teaching 14-15|E&P policy team|North Lindsey Coll|GPROSTD357108|100,758.00
BIS|HEFCE|20/11/2014|Inherited Staff|Finance|Northum'lnd LEA|GPROSTD347801|51,278.00
BIS|HEFCE|20/11/2014|TCIF Round 2|Finance|Norwich Uni Arts|GPROSTD348252|58,280.00
BIS|HEFCE|20/11/2014|Teaching 14-15|E&P policy team|Norwich Uni Arts|GPROSTD357153|151,587.00
BIS|HEFCE|20/11/2014|Catalyst Fund C (R)|RIS policy team|Norwich Uni Arts|GPROSTD364059|124,678.00
BIS|HEFCE|20/11/2014|Catalyst Fund C (T)|RIS policy team|Norwich Uni Arts|GPROSTD364064|187,016.00
BIS|HEFCE|20/11/2014|RCIF Round 2|Finance|Nottingham Trent Uni|GPROSTD328283|65,679.00
BIS|HEFCE|20/11/2014|TCIF Round 2|Finance|Nottingham Trent Uni|GPROSTD348254|610,691.00
BIS|HEFCE|20/11/2014|Teaching 14-15|E&P policy team|Nottingham Trent Uni|GPROSTD357234|1,507,042.00
BIS|HEFCE|20/11/2014|Research 14-15|RIS policy team|Nottingham Trent Uni|GPROSTD359007|374,433.00
BIS|HEFCE|20/11/2014|HEIF 2011-15 (BIS)|RIS policy team|Nottingham Trent Uni|GPROSTD362067|63,497.00
BIS|HEFCE|20/11/2014|Research 14-15|RIS policy team|Nottingham Trent Uni|GPROSTD366717|43,862.00
BIS|HEFCE|20/11/2014|Teaching 12-13|E&P policy team|Nottingham Trent Uni|GPROSTD366737|834,956.00
BIS|HEFCE|20/11/2014|Inherited Staff|Finance|Notts LEA|GPROSTD347803|174,440.00
BIS|HEFCE|20/11/2014|SIVS|E&P policy team|Nuffield Foundation|PIG12490|800,000.00
BIS|HEFCE|20/11/2014|Catalyst Fund|RIS policy team|NUS|GPROSTD333773|211,250.00
BIS|HEFCE|20/11/2014|Promoting Efficiency|LGM|NUS|GPROSTD342990|31,750.00
BIS|HEFCE|20/11/2014|Teaching 14-15|E&P policy team|N Warwick & Hinckley|GPROSTD357189|36,839.00
BIS|HEFCE|20/11/2014|REF|REF|NYS Corporate|PIG13477|50,715.55
BIS|HEFCE|20/11/2014|RCIF Round 2|Finance|Oxford Brookes Univ|GPROSTD328287|71,161.00
BIS|HEFCE|20/11/2014|TCIF Round 2|Finance|Oxford Brookes Univ|GPROSTD348258|329,142.00
BIS|HEFCE|20/11/2014|Teaching 14-15|E&P policy team|Oxford Brookes Univ|GPROSTD357297|886,035.00
BIS|HEFCE|20/11/2014|Research 14-15|RIS policy team|Oxford Brookes Univ|GPROSTD359052|378,008.00
BIS|HEFCE|20/11/2014|HEIF 2011-15 (BIS)|RIS policy team|Oxford Brookes Univ|GPROSTD362112|122,825.00
BIS|HEFCE|20/11/2014|HEIF 2011-15|RIS policy team|Oxford Brookes Univ|GPROSTD363003|40,942.00
BIS|HEFCE|20/11/2014|Inherited Staff|Finance|Oxfordshire LEA|GPROSTD347805|114,302.00
BIS|HEFCE|20/11/2014|Teaching 14-15|E&P policy team|Plumpton College|GPROSTD357342|26,600.00
BIS|HEFCE|20/11/2014|Teaching 14-15|E&P policy team|Plymouth Coll of Art|GPROSTD357369|73,417.00
BIS|HEFCE|20/11/2014|Quality Assurance|E&P policy team|QAA|GPROSTD364111|542,272.00
BIS|HEFCE|20/11/2014|RCIF Round 2|Finance|Queen Mary, UoL|GPROSTD328290|716,906.00
BIS|HEFCE|20/11/2014|TCIF Round 2|Finance|Queen Mary, UoL|GPROSTD348262|470,802.00
BIS|HEFCE|20/11/2014|Teaching 14-15|E&P policy team|Queen Mary, UoL|GPROSTD357396|2,941,309.00
BIS|HEFCE|20/11/2014|Research 14-15|RIS policy team|Queen Mary, UoL|GPROSTD359079|3,556,289.00
BIS|HEFCE|20/11/2014|HEIF 2011-15 (BIS)|RIS policy team|Queen Mary, UoL|GPROSTD362139|213,750.00
BIS|HEFCE|20/11/2014|HEIF 2011-15|RIS policy team|Queen Mary, UoL|GPROSTD363030|71,250.00
BIS|HEFCE|20/11/2014|TCIF Round 2|Finance|Ravensbourne|GPROSTD348263|69,436.00
BIS|HEFCE|20/11/2014|Teaching 14-15|E&P policy team|Ravensbourne|GPROSTD357405|251,236.00
BIS|HEFCE|20/11/2014|TCIF Round 2|Finance|RCSSD|GPROSTD348197|36,558.00
BIS|HEFCE|20/11/2014|Teaching 14-15|E&P policy team|RCSSD|GPROSTD355794|286,425.00
BIS|HEFCE|20/11/2014|Research 14-15|RIS policy team|RCSSD|GPROSTD358476|37,044.00
BIS|HEFCE|20/11/2014|Teaching 14-15|E&P policy team|Reaseheath College|GPROSTD357423|35,423.00
BIS|HEFCE|20/11/2014|RCIF Round 2|Finance|Roehampton Uni|GPROSTD328292|29,291.00
BIS|HEFCE|20/11/2014|Inherited Staff|Finance|Roehampton Uni|GPROSTD347839|31,864.00
BIS|HEFCE|20/11/2014|TCIF Round 2|Finance|Roehampton Uni|GPROSTD348264|229,802.00
BIS|HEFCE|20/11/2014|Teaching 14-15|E&P policy team|Roehampton Uni|GPROSTD357468|486,150.00
BIS|HEFCE|20/11/2014|Research 14-15|RIS policy team|Roehampton Uni|GPROSTD359097|273,228.00
BIS|HEFCE|20/11/2014|HEIF 2011-15 (BIS)|RIS policy team|Roehampton Uni|GPROSTD362157|34,590.00
BIS|HEFCE|20/11/2014|TCIF Round 2|Finance|Rose Bruford College|GPROSTD348265|25,733.00
BIS|HEFCE|20/11/2014|Teaching 14-15|E&P policy team|Rose Bruford College|GPROSTD357477|151,190.00
BIS|HEFCE|20/11/2014|Teaching 14-15|E&P policy team|Rotherham Coll A&T|GPROSTD357486|35,396.00
BIS|HEFCE|20/11/2014|TCIF Round 2|Finance|Royal Academy Music|GPROSTD348266|30,536.00
BIS|HEFCE|20/11/2014|Teaching 14-15|E&P policy team|Royal Academy Music|GPROSTD357504|291,422.00
BIS|HEFCE|20/11/2014|Research 14-15|RIS policy team|Royal Academy Music|GPROSTD359124|48,285.00
BIS|HEFCE|20/11/2014|TCIF Round 2|Finance|Royal Agricultural|GPROSTD348299|45,729.00
BIS|HEFCE|20/11/2014|Teaching 14-15|E&P policy team|Royal Agricultural|GPROSTD357495|275,303.00
BIS|HEFCE|20/11/2014|TCIF Round 2|Finance|Royal College Music|GPROSTD348268|30,413.00
BIS|HEFCE|20/11/2014|Teaching 14-15|E&P policy team|Royal College Music|GPROSTD357522|319,156.00
BIS|HEFCE|20/11/2014|Research 14-15|RIS policy team|Royal College Music|GPROSTD359142|46,194.00
BIS|HEFCE|20/11/2014|RCIF Round 2|Finance|Royal College of Art|GPROSTD328294|32,747.00
BIS|HEFCE|20/11/2014|TCIF Round 2|Finance|Royal College of Art|GPROSTD348267|59,933.00
BIS|HEFCE|20/11/2014|Teaching 14-15|E&P policy team|Royal College of Art|GPROSTD357513|1,024,276.00
BIS|HEFCE|20/11/2014|Research 14-15|RIS policy team|Royal College of Art|GPROSTD359133|274,204.00
BIS|HEFCE|20/11/2014|RCIF Round 2|Finance|Royal Holloway|GPROSTD328296|218,091.00
BIS|HEFCE|20/11/2014|TCIF Round 2|Finance|Royal Holloway|GPROSTD348269|209,115.00
BIS|HEFCE|20/11/2014|Teaching 14-15|E&P policy team|Royal Holloway|GPROSTD357531|573,715.00
BIS|HEFCE|20/11/2014|Research 14-15|RIS policy team|Royal Holloway|GPROSTD359151|1,512,890.00
BIS|HEFCE|20/11/2014|HEIF 2011-15 (BIS)|RIS policy team|Royal Holloway|GPROSTD362175|36,374.00
BIS|HEFCE|20/11/2014|TCIF Round 2|Finance|Royal North Coll Mus|GPROSTD348294|39,289.00
BIS|HEFCE|20/11/2014|Teaching 14-15|E&P policy team|Royal North Coll Mus|GPROSTD357540|424,403.00
BIS|HEFCE|20/11/2014|RCIF Round 2|Finance|Royal Veterinary|GPROSTD328297|108,753.00
BIS|HEFCE|20/11/2014|TCIF Round 2|Finance|Royal Veterinary|GPROSTD348270|129,508.00
BIS|HEFCE|20/11/2014|Teaching 14-15|E&P policy team|Royal Veterinary|GPROSTD357549|1,492,001.00
BIS|HEFCE|20/11/2014|Research 14-15|RIS policy team|Royal Veterinary|GPROSTD359169|563,499.00
BIS|HEFCE|20/11/2014|HEIF 2011-15 (BIS)|RIS policy team|Royal Veterinary|GPROSTD362193|89,518.00
BIS|HEFCE|20/11/2014|HEIF 2011-15|RIS policy team|Royal Veterinary|GPROSTD363084|29,839.00
BIS|HEFCE|20/11/2014|Teaching 14-15|E&P policy team|Ruskin College|GPROSTD357567|33,520.00
BIS|HEFCE|20/11/2014|Teaching 14-15|E&P policy team|Sheffield College|GPROSTD357621|40,906.00
BIS|HEFCE|20/11/2014|RCIF Round 2|Finance|Sheffield Hallam Uni|GPROSTD328301|116,070.00
BIS|HEFCE|20/11/2014|TCIF Round 2|Finance|Sheffield Hallam Uni|GPROSTD348275|636,384.00
BIS|HEFCE|20/11/2014|Teaching 14-15|E&P policy team|Sheffield Hallam Uni|GPROSTD357630|1,478,859.00
BIS|HEFCE|20/11/2014|Research 14-15|RIS policy team|Sheffield Hallam Uni|GPROSTD359187|430,053.00
BIS|HEFCE|20/11/2014|HEIF 2011-15 (BIS)|RIS policy team|Sheffield Hallam Uni|GPROSTD362211|90,775.00
BIS|HEFCE|20/11/2014|HEIF 2011-15|RIS policy team|Sheffield Hallam Uni|GPROSTD363102|30,259.00
BIS|HEFCE|20/11/2014|Inherited Staff|Finance|Sheffield LEA|GPROSTD347807|183,762.00
BIS|HEFCE|20/11/2014|RCIF Round 2|Finance|SOAS|GPROSTD328285|63,747.00
BIS|HEFCE|20/11/2014|TCIF Round 2|Finance|SOAS|GPROSTD348256|69,648.00
BIS|HEFCE|20/11/2014|Teaching 14-15|E&P policy team|SOAS|GPROSTD357279|307,053.00
BIS|HEFCE|20/11/2014|Research 14-15|RIS policy team|SOAS|GPROSTD359034|692,981.00
BIS|HEFCE|20/11/2014|HEIF 2011-15 (BIS)|RIS policy team|SOAS|GPROSTD362094|35,642.00
BIS|HEFCE|20/11/2014|Teaching 12-13|E&P policy team|SOAS|GPROSTD366642|27,861.00
BIS|HEFCE|20/11/2014|Teaching 14-15|E&P policy team|Solihull College|GPROSTD357648|61,974.00
BIS|HEFCE|20/11/2014|Teaching 14-15|E&P policy team|Somerset College|GPROSTD357657|51,883.00
BIS|HEFCE|20/11/2014|TCIF Round 2|Finance|Southampton Solent U|GPROSTD348277|324,492.00
BIS|HEFCE|20/11/2014|Catalyst Fund  (R)|RIS policy team|Southampton Solent U|GPROSTD354484|43,403.00
BIS|HEFCE|20/11/2014|Teaching 14-15|E&P policy team|Southampton Solent U|GPROSTD357702|943,132.00
BIS|HEFCE|20/11/2014|HEIF 2011-15 (BIS)|RIS policy team|Southampton Solent U|GPROSTD362229|65,754.00
BIS|HEFCE|20/11/2014|Teaching 14-15|E&P policy team|South Tyneside Coll|GPROSTD357738|65,305.00
BIS|HEFCE|20/11/2014|Teaching 14-15|E&P policy team|Sparsholt College|GPROSTD357792|60,236.00
BIS|HEFCE|20/11/2014|TCIF Round 2|Finance|Staffordshire Uni|GPROSTD348295|403,940.00
BIS|HEFCE|20/11/2014|Teaching 14-15|E&P policy team|Staffordshire Uni|GPROSTD357801|1,334,383.00
BIS|HEFCE|20/11/2014|Research 14-15|RIS policy team|Staffordshire Uni|GPROSTD359223|61,623.00
BIS|HEFCE|20/11/2014|HEIF 2011-15 (BIS)|RIS policy team|Staffordshire Uni|GPROSTD362247|90,164.00
BIS|HEFCE|20/11/2014|HEIF 2011-15|RIS policy team|Staffordshire Uni|GPROSTD363138|30,055.00
BIS|HEFCE|20/11/2014|Inherited Staff|Finance|Staffs LEA|GPROSTD347811|136,225.00
BIS|HEFCE|20/11/2014|SDF Recurrent|RIS policy team|St George's Uni Lond|GPROSTD284224|30,214.00
BIS|HEFCE|20/11/2014|RCIF Round 2|Finance|St George's Uni Lond|GPROSTD328298|145,775.00
BIS|HEFCE|20/11/2014|TCIF Round 2|Finance|St George's Uni Lond|GPROSTD348271|149,322.00
BIS|HEFCE|20/11/2014|Teaching 14-15|E&P policy team|St George's Uni Lond|GPROSTD357837|1,413,126.00
BIS|HEFCE|20/11/2014|Research 14-15|RIS policy team|St George's Uni Lond|GPROSTD359232|439,627.00
BIS|HEFCE|20/11/2014|HEIF 2011-15 (BIS)|RIS policy team|St George's Uni Lond|GPROSTD362256|70,110.00
BIS|HEFCE|20/11/2014|Teaching 14-15|E&P policy team|Sth & City Coll Birm|GPROSTD357666|28,238.00
BIS|HEFCE|20/11/2014|Capital for FECs|E&P policy team|St Helens Coll|GPROSTD354850|29,494.00
BIS|HEFCE|20/11/2014|Teaching 14-15|E&P policy team|St Helens Coll|GPROSTD357846|91,195.00
BIS|HEFCE|20/11/2014|TCIF Round 2|Finance|St Mary's University|GPROSTD348272|119,472.00
BIS|HEFCE|20/11/2014|Teaching 14-15|E&P policy team|St Mary's University|GPROSTD357855|286,507.00
BIS|HEFCE|20/11/2014|Research 14-15|RIS policy team|St Mary's University|GPROSTD359241|29,233.00
BIS|HEFCE|20/11/2014|Capital for FECs|E&P policy team|Stockport College|GPROSTD354853|60,442.00
BIS|HEFCE|20/11/2014|Teaching 14-15|E&P policy team|Stockport College|GPROSTD357882|54,506.00
BIS|HEFCE|20/11/2014|Teaching 14-15|E&P policy team|Sunderland College|GPROSTD355884|40,177.00
BIS|HEFCE|20/11/2014|Inherited Staff|Finance|Sunderland  Council|GPROSTD347814|95,405.00
BIS|HEFCE|20/11/2014|RCIF Round 2|Finance|Teesside University|GPROSTD328307|33,609.00
BIS|HEFCE|20/11/2014|TCIF Round 2|Finance|Teesside University|GPROSTD348281|407,003.00
BIS|HEFCE|20/11/2014|Teaching 14-15|E&P policy team|Teesside University|GPROSTD357963|1,045,345.00
BIS|HEFCE|20/11/2014|Research 14-15|RIS policy team|Teesside University|GPROSTD359286|107,202.00
BIS|HEFCE|20/11/2014|HEIF 2011-15 (BIS)|RIS policy team|Teesside University|GPROSTD362292|95,524.00
BIS|HEFCE|20/11/2014|HEIF 2011-15|RIS policy team|Teesside University|GPROSTD363183|31,841.00
BIS|HEFCE|20/11/2014|RCIF Round 2|Finance|The City University|GPROSTD328234|130,836.00
BIS|HEFCE|20/11/2014|TCIF Round 2|Finance|The City University|GPROSTD348199|218,811.00
BIS|HEFCE|20/11/2014|Teaching 14-15|E&P policy team|The City University|GPROSTD355902|773,888.00
BIS|HEFCE|20/11/2014|Research 14-15|RIS policy team|The City University|GPROSTD358503|1,053,379.00
BIS|HEFCE|20/11/2014|HEIF 2011-15 (BIS)|RIS policy team|The City University|GPROSTD361644|125,593.00
BIS|HEFCE|20/11/2014|HEIF 2011-15|RIS policy team|The City University|GPROSTD362535|41,864.00
BIS|HEFCE|20/11/2014|Teaching 12-13|E&P policy team|The City University|GPROSTD366550|50,361.00
BIS|HEFCE|20/11/2014|Teaching 13-14|E&P policy team|The City University|GPROSTD366704|69,857.00
BIS|HEFCE|20/11/2014|Capital for FECs|E&P policy team|The Manchester Colle|GPROSTD354816|81,723.00
BIS|HEFCE|20/11/2014|Teaching 14-15|E&P policy team|The Manchester Colle|GPROSTD356946|129,894.00
BIS|HEFCE|20/11/2014|RCIF Round 2|Finance|The Open University|GPROSTD328284|212,670.00
BIS|HEFCE|20/11/2014|TCIF Round 2|Finance|The Open University|GPROSTD348255|1,541,930.00
BIS|HEFCE|20/11/2014|Teaching 14-15|E&P policy team|The Open University|GPROSTD357270|7,417,841.00
BIS|HEFCE|20/11/2014|Research 14-15|RIS policy team|The Open University|GPROSTD359025|1,067,057.00
BIS|HEFCE|20/11/2014|HEIF 2011-15 (BIS)|RIS policy team|The Open University|GPROSTD362085|71,250.00
BIS|HEFCE|20/11/2014|Teaching 14-15|E&P policy team|The Open University|GPROSTD364432|30,801.00
BIS|HEFCE|20/11/2014|Teaching 14-15|E&P policy team|Trafford College|GPROSTD357729|26,524.00
BIS|HEFCE|20/11/2014|TCIF Round 2|Finance|Trinity Laban Cons|GPROSTD348300|53,559.00
BIS|HEFCE|20/11/2014|Teaching 14-15|E&P policy team|Trinity Laban Cons|GPROSTD358017|603,801.00
BIS|HEFCE|20/11/2014|HEIF 2011-15 (BIS)|RIS policy team|Trinity Laban Cons|GPROSTD362310|29,215.00
BIS|HEFCE|20/11/2014|Teaching 14-15|E&P policy team|Tyne Met College|GPROSTD357162|33,605.00
BIS|HEFCE|20/11/2014|TCIF Round 2|Finance|Uni Coll Birmingham|GPROSTD348184|106,263.00
BIS|HEFCE|20/11/2014|Teaching 14-15|E&P policy team|Uni Coll Birmingham|GPROSTD355452|370,249.00
BIS|HEFCE|20/11/2014|SDF Recurrent|RIS policy team|Uni College London|GPROSTD285873|30,214.00
BIS|HEFCE|20/11/2014|SDF Recurrent|RIS policy team|Uni College London|GPROSTD292642|31,045.00
BIS|HEFCE|20/11/2014|SDF Recurrent|RIS policy team|Uni College London|GPROSTD309975|30,214.00
BIS|HEFCE|20/11/2014|RCIF Round 2|Finance|Uni College London|GPROSTD328308|2,786,215.00
BIS|HEFCE|20/11/2014|TCIF Round 2|Finance|Uni College London|GPROSTD348282|621,366.00
BIS|HEFCE|20/11/2014|Teaching 14-15|E&P policy team|Uni College London|GPROSTD356883|4,416,163.00
BIS|HEFCE|20/11/2014|Research 14-15|RIS policy team|Uni College London|GPROSTD358908|12,876,332.00
BIS|HEFCE|20/11/2014|HEIF 2011-15 (BIS)|RIS policy team|Uni College London|GPROSTD361986|213,750.00
BIS|HEFCE|20/11/2014|HEIF 2011-15|RIS policy team|Uni College London|GPROSTD362877|71,250.00
BIS|HEFCE|20/11/2014|Research 13-14|RIS policy team|Uni College London|GPROSTD366728|73,351.00
BIS|HEFCE|20/11/2014|TCIF Round 2|Finance|Uni for Creative Art|GPROSTD348296|167,012.00
BIS|HEFCE|20/11/2014|Teaching 14-15|E&P policy team|Uni for Creative Art|GPROSTD356010|355,834.00
BIS|HEFCE|20/11/2014|Research 14-15|RIS policy team|Uni for Creative Art|GPROSTD358539|45,623.00
BIS|HEFCE|20/11/2014|RCIF Round 2|Finance|Uni of Arts London|GPROSTD328268|54,896.00
BIS|HEFCE|20/11/2014|TCIF Round 2|Finance|Uni of Arts London|GPROSTD348239|361,568.00
BIS|HEFCE|20/11/2014|Teaching 14-15|E&P policy team|Uni of Arts London|GPROSTD356820|1,515,387.00
BIS|HEFCE|20/11/2014|Research 14-15|RIS policy team|Uni of Arts London|GPROSTD358854|705,926.00
BIS|HEFCE|20/11/2014|HEIF 2011-15 (BIS)|RIS policy team|Uni of Arts London|GPROSTD361941|188,973.00
BIS|HEFCE|20/11/2014|HEIF 2011-15|RIS policy team|Uni of Arts London|GPROSTD362832|62,991.00
BIS|HEFCE|20/11/2014|Teaching 13-14|E&P policy team|Uni of Arts London|GPROSTD366708|262,316.00
BIS|HEFCE|20/11/2014|TCIF Round 2|Finance|Uni of Bedfordshire|GPROSTD348180|323,747.00
BIS|HEFCE|20/11/2014|Teaching 14-15|E&P policy team|Uni of Bedfordshire|GPROSTD356910|732,627.00
BIS|HEFCE|20/11/2014|Research 14-15|RIS policy team|Uni of Bedfordshire|GPROSTD358926|118,645.00
BIS|HEFCE|20/11/2014|HEIF 2011-15 (BIS)|RIS policy team|Uni of Bedfordshire|GPROSTD362004|36,304.00
BIS|HEFCE|20/11/2014|RCIF Round 2|Finance|Uni of Birmingham|GPROSTD328219|1,125,972.00
BIS|HEFCE|20/11/2014|TCIF Round 2|Finance|Uni of Birmingham|GPROSTD348182|687,420.00
BIS|HEFCE|20/11/2014|Teaching 14-15|E&P policy team|Uni of Birmingham|GPROSTD355461|3,359,142.00
BIS|HEFCE|20/11/2014|Research 14-15|RIS policy team|Uni of Birmingham|GPROSTD358350|4,572,963.00
BIS|HEFCE|20/11/2014|HEIF 2011-15 (BIS)|RIS policy team|Uni of Birmingham|GPROSTD361509|213,750.00
BIS|HEFCE|20/11/2014|HEIF 2011-15|RIS policy team|Uni of Birmingham|GPROSTD362400|71,250.00
BIS|HEFCE|20/11/2014|Teaching 12-13|E&P policy team|Uni of Birmingham|GPROSTD366524|853,797.00
BIS|HEFCE|20/11/2014|RCIF Round 2|Finance|Uni of Bradford|GPROSTD328223|116,947.00
BIS|HEFCE|20/11/2014|TCIF Round 2|Finance|Uni of Bradford|GPROSTD348291|309,318.00
BIS|HEFCE|20/11/2014|Teaching 14-15|E&P policy team|Uni of Bradford|GPROSTD355587|1,046,174.00
BIS|HEFCE|20/11/2014|Research 14-15|RIS policy team|Uni of Bradford|GPROSTD358386|650,328.00
BIS|HEFCE|20/11/2014|HEIF 2011-15 (BIS)|RIS policy team|Uni of Bradford|GPROSTD361536|81,278.00
BIS|HEFCE|20/11/2014|HEIF 2011-15|RIS policy team|Uni of Bradford|GPROSTD362427|27,093.00
BIS|HEFCE|20/11/2014|Teaching 12-13|E&P policy team|Uni of Bradford|GPROSTD366531|54,159.00
BIS|HEFCE|20/11/2014|RCIF Round 2|Finance|Uni of Brighton|GPROSTD328224|83,244.00
BIS|HEFCE|20/11/2014|TCIF Round 2|Finance|Uni of Brighton|GPROSTD348189|472,648.00
BIS|HEFCE|20/11/2014|Teaching 14-15|E&P policy team|Uni of Brighton|GPROSTD355605|1,970,658.00
BIS|HEFCE|20/11/2014|Research 14-15|RIS policy team|Uni of Brighton|GPROSTD358395|636,656.00
BIS|HEFCE|20/11/2014|HEIF 2011-15 (BIS)|RIS policy team|Uni of Brighton|GPROSTD361545|77,505.00
BIS|HEFCE|20/11/2014|HEIF 2011-15|RIS policy team|Uni of Brighton|GPROSTD362436|25,835.00
BIS|HEFCE|20/11/2014|RCIF Round 2|Finance|Uni of Bristol|GPROSTD328225|1,195,783.00
BIS|HEFCE|20/11/2014|TCIF Round 2|Finance|Uni of Bristol|GPROSTD348190|574,291.00
BIS|HEFCE|20/11/2014|Teaching 14-15|E&P policy team|Uni of Bristol|GPROSTD355614|3,297,134.00
BIS|HEFCE|20/11/2014|Research 14-15|RIS policy team|Uni of Bristol|GPROSTD358404|5,346,257.00
BIS|HEFCE|20/11/2014|HEIF 2011-15 (BIS)|RIS policy team|Uni of Bristol|GPROSTD361554|213,750.00
BIS|HEFCE|20/11/2014|HEIF 2011-15|RIS policy team|Uni of Bristol|GPROSTD362445|71,250.00
BIS|HEFCE|20/11/2014|Teaching 12-13|E&P policy team|Uni of Bristol|GPROSTD366533|67,680.00
BIS|HEFCE|20/11/2014|SDF Recurrent|RIS policy team|Uni of Cambridge|GPROSTD310308|30,214.00
BIS|HEFCE|20/11/2014|RCIF Round 2|Finance|Uni of Cambridge|GPROSTD328228|3,078,697.00
BIS|HEFCE|20/11/2014|TCIF Round 2|Finance|Uni of Cambridge|GPROSTD348193|494,386.00
BIS|HEFCE|20/11/2014|Teaching 14-15|E&P policy team|Uni of Cambridge|GPROSTD355713|2,488,021.00
BIS|HEFCE|20/11/2014|Research 14-15|RIS policy team|Uni of Cambridge|GPROSTD358431|13,681,018.00
BIS|HEFCE|20/11/2014|HEIF 2011-15 (BIS)|RIS policy team|Uni of Cambridge|GPROSTD361581|213,750.00
BIS|HEFCE|20/11/2014|HEIF 2011-15|RIS policy team|Uni of Cambridge|GPROSTD362472|71,250.00
BIS|HEFCE|20/11/2014|Museums, Gal & Coll|RIS policy team|Uni of Cambridge|GPROSTD363852|163,000.00
BIS|HEFCE|20/11/2014|RCIF Round 2|Finance|Uni of Central Lancs|GPROSTD328231|62,828.00
BIS|HEFCE|20/11/2014|TCIF Round 2|Finance|Uni of Central Lancs|GPROSTD348196|626,149.00
BIS|HEFCE|20/11/2014|Teaching 14-15|E&P policy team|Uni of Central Lancs|GPROSTD355785|2,023,819.00
BIS|HEFCE|20/11/2014|Research 14-15|RIS policy team|Uni of Central Lancs|GPROSTD358467|371,097.00
BIS|HEFCE|20/11/2014|HEIF 2011-15 (BIS)|RIS policy team|Uni of Central Lancs|GPROSTD361617|169,629.00
BIS|HEFCE|20/11/2014|HEIF 2011-15|RIS policy team|Uni of Central Lancs|GPROSTD362508|56,543.00
BIS|HEFCE|20/11/2014|Catalyst Fund  (R)|RIS policy team|Uni of Chester|GPROSTD343033|70,791.00
BIS|HEFCE|20/11/2014|TCIF Round 2|Finance|Uni of Chester|GPROSTD348198|241,367.00
BIS|HEFCE|20/11/2014|Teaching 14-15|E&P policy team|Uni of Chester|GPROSTD355812|650,273.00
BIS|HEFCE|20/11/2014|Research 14-15|RIS policy team|Uni of Chester|GPROSTD358485|73,706.00
BIS|HEFCE|20/11/2014|HEIF 2011-15 (BIS)|RIS policy team|Uni of Chester|GPROSTD361626|32,796.00
BIS|HEFCE|20/11/2014|Catalyst Fund C (R)|RIS policy team|Uni of Chester|GPROSTD364197|517,044.00
BIS|HEFCE|20/11/2014|Catalyst Fund C (T)|RIS policy team|Uni of Chester|GPROSTD364199|775,565.00
BIS|HEFCE|20/11/2014|TCIF Round 2|Finance|Uni of Chichester|GPROSTD348292|131,634.00
BIS|HEFCE|20/11/2014|Teaching 14-15|E&P policy team|Uni of Chichester|GPROSTD355839|239,403.00
BIS|HEFCE|20/11/2014|Research 14-15|RIS policy team|Uni of Chichester|GPROSTD358494|29,880.00
BIS|HEFCE|20/11/2014|TCIF Round 2|Finance|Uni of Cumbria|GPROSTD348203|230,912.00
BIS|HEFCE|20/11/2014|Teaching 14-15|E&P policy team|Uni of Cumbria|GPROSTD356028|328,852.00
BIS|HEFCE|20/11/2014|Teaching 12-13|E&P policy team|Uni of Cumbria|GPROSTD366557|102,664.00
BIS|HEFCE|20/11/2014|RCIF Round 2|Finance|Uni of East Anglia|GPROSTD328242|408,410.00
BIS|HEFCE|20/11/2014|TCIF Round 2|Finance|Uni of East Anglia|GPROSTD348207|458,043.00
BIS|HEFCE|20/11/2014|Teaching 14-15|E&P policy team|Uni of East Anglia|GPROSTD356109|1,296,856.00
BIS|HEFCE|20/11/2014|Research 14-15|RIS policy team|Uni of East Anglia|GPROSTD358584|1,723,150.00
BIS|HEFCE|20/11/2014|HEIF 2011-15 (BIS)|RIS policy team|Uni of East Anglia|GPROSTD361707|132,492.00
BIS|HEFCE|20/11/2014|HEIF 2011-15|RIS policy team|Uni of East Anglia|GPROSTD362598|44,164.00
BIS|HEFCE|20/11/2014|Teaching 14-15|E&P policy team|Uni of East Anglia|GPROSTD363342|321,328.00
BIS|HEFCE|20/11/2014|Museums, Gal & Coll|RIS policy team|Uni of East Anglia|GPROSTD363856|25,000.00
BIS|HEFCE|20/11/2014|Teaching 12-13|E&P policy team|Uni of East Anglia|GPROSTD366563|43,511.00
BIS|HEFCE|20/11/2014|RCIF Round 2|Finance|Uni of East London|GPROSTD328243|27,597.00
BIS|HEFCE|20/11/2014|TCIF Round 2|Finance|Uni of East London|GPROSTD348208|356,789.00
BIS|HEFCE|20/11/2014|Teaching 14-15|E&P policy team|Uni of East London|GPROSTD356118|1,151,707.00
BIS|HEFCE|20/11/2014|Research 14-15|RIS policy team|Uni of East London|GPROSTD358593|222,246.00
BIS|HEFCE|20/11/2014|HEIF 2011-15 (BIS)|RIS policy team|Uni of East London|GPROSTD361716|45,629.00
BIS|HEFCE|20/11/2014|Teaching 14-15|E&P policy team|Uni of East London|GPROSTD364308|72,318.00
BIS|HEFCE|20/11/2014|TCIF Round 2|Finance|Uni of Gloucester|GPROSTD348214|189,681.00
BIS|HEFCE|20/11/2014|Teaching 14-15|E&P policy team|Uni of Gloucester|GPROSTD356262|464,739.00
BIS|HEFCE|20/11/2014|Research 14-15|RIS policy team|Uni of Gloucester|GPROSTD358647|72,330.00
BIS|HEFCE|20/11/2014|HEIF 2011-15 (BIS)|RIS policy team|Uni of Gloucester|GPROSTD361761|25,143.00
BIS|HEFCE|20/11/2014|Teaching 12-13|E&P policy team|Uni of Gloucester|GPROSTD366574|27,677.00
BIS|HEFCE|20/11/2014|RCIF Round 2|Finance|Uni of Greenwich|GPROSTD328251|54,725.00
BIS|HEFCE|20/11/2014|Inherited Staff|Finance|Uni of Greenwich|GPROSTD347834|90,134.00
BIS|HEFCE|20/11/2014|TCIF Round 2|Finance|Uni of Greenwich|GPROSTD348216|544,342.00
BIS|HEFCE|20/11/2014|Teaching 14-15|E&P policy team|Uni of Greenwich|GPROSTD356298|1,746,155.00
BIS|HEFCE|20/11/2014|Research 14-15|RIS policy team|Uni of Greenwich|GPROSTD358665|304,651.00
BIS|HEFCE|20/11/2014|HEIF 2011-15 (BIS)|RIS policy team|Uni of Greenwich|GPROSTD361779|129,743.00
BIS|HEFCE|20/11/2014|HEIF 2011-15|RIS policy team|Uni of Greenwich|GPROSTD362670|43,248.00
BIS|HEFCE|20/11/2014|RCIF Round 2|Finance|Uni of Hertfordshire|GPROSTD328253|94,738.00
BIS|HEFCE|20/11/2014|TCIF Round 2|Finance|Uni of Hertfordshire|GPROSTD348219|469,998.00
BIS|HEFCE|20/11/2014|Teaching 14-15|E&P policy team|Uni of Hertfordshire|GPROSTD356451|1,350,314.00
BIS|HEFCE|20/11/2014|Research 14-15|RIS policy team|Uni of Hertfordshire|GPROSTD358692|446,722.00
BIS|HEFCE|20/11/2014|HEIF 2011-15 (BIS)|RIS policy team|Uni of Hertfordshire|GPROSTD361797|213,750.00
BIS|HEFCE|20/11/2014|HEIF 2011-15|RIS policy team|Uni of Hertfordshire|GPROSTD362688|71,250.00
BIS|HEFCE|20/11/2014|Teaching 12-13|E&P policy team|Uni of Hertfordshire|GPROSTD366586|113,215.00
BIS|HEFCE|20/11/2014|RCIF Round 2|Finance|Uni of Huddersfield|GPROSTD328254|35,759.00
BIS|HEFCE|20/11/2014|TCIF Round 2|Finance|Uni of Huddersfield|GPROSTD348221|457,362.00
BIS|HEFCE|20/11/2014|Teaching 14-15|E&P policy team|Uni of Huddersfield|GPROSTD356505|1,777,511.00
BIS|HEFCE|20/11/2014|Research 14-15|RIS policy team|Uni of Huddersfield|GPROSTD358710|221,233.00
BIS|HEFCE|20/11/2014|HEIF 2011-15 (BIS)|RIS policy team|Uni of Huddersfield|GPROSTD361806|69,942.00
BIS|HEFCE|20/11/2014|RCIF Round 2|Finance|Uni of Lancaster|GPROSTD328261|371,327.00
BIS|HEFCE|20/11/2014|TCIF Round 2|Finance|Uni of Lancaster|GPROSTD348228|252,027.00
BIS|HEFCE|20/11/2014|Teaching 14-15|E&P policy team|Uni of Lancaster|GPROSTD356676|655,043.00
BIS|HEFCE|20/11/2014|Research 14-15|RIS policy team|Uni of Lancaster|GPROSTD358773|1,985,678.00
BIS|HEFCE|20/11/2014|HEIF 2011-15 (BIS)|RIS policy team|Uni of Lancaster|GPROSTD361869|165,946.00
BIS|HEFCE|20/11/2014|HEIF 2011-15|RIS policy team|Uni of Lancaster|GPROSTD362760|55,315.00
BIS|HEFCE|20/11/2014|Teaching 12-13|E&P policy team|Uni of Lancaster|GPROSTD366598|412,831.00
BIS|HEFCE|20/11/2014|RCIF Round 2|Finance|Uni of Leicester|GPROSTD328264|543,432.00
BIS|HEFCE|20/11/2014|TCIF Round 2|Finance|Uni of Leicester|GPROSTD348233|369,581.00
BIS|HEFCE|20/11/2014|Teaching 14-15|E&P policy team|Uni of Leicester|GPROSTD356748|1,729,839.00
BIS|HEFCE|20/11/2014|Research 14-15|RIS policy team|Uni of Leicester|GPROSTD358800|2,136,566.00
BIS|HEFCE|20/11/2014|HEIF 2011-15 (BIS)|RIS policy team|Uni of Leicester|GPROSTD361896|143,923.00
BIS|HEFCE|20/11/2014|HEIF 2011-15|RIS policy team|Uni of Leicester|GPROSTD362787|47,974.00
BIS|HEFCE|20/11/2014|TCIF Round 2|Finance|Uni of Lincoln|GPROSTD348234|304,666.00
BIS|HEFCE|20/11/2014|Teaching 14-15|E&P policy team|Uni of Lincoln|GPROSTD356766|651,964.00
BIS|HEFCE|20/11/2014|Research 14-15|RIS policy team|Uni of Lincoln|GPROSTD358809|183,807.00
BIS|HEFCE|20/11/2014|HEIF 2011-15 (BIS)|RIS policy team|Uni of Lincoln|GPROSTD361905|38,215.00
BIS|HEFCE|20/11/2014|SDF Recurrent|RIS policy team|Uni of Liverpool|GPROSTD327534|30,214.00
BIS|HEFCE|20/11/2014|RCIF Round 2|Finance|Uni of Liverpool|GPROSTD328266|950,140.00
BIS|HEFCE|20/11/2014|TCIF Round 2|Finance|Uni of Liverpool|GPROSTD348235|592,942.00
BIS|HEFCE|20/11/2014|Teaching 14-15|E&P policy team|Uni of Liverpool|GPROSTD356802|3,463,802.00
BIS|HEFCE|20/11/2014|Research 14-15|RIS policy team|Uni of Liverpool|GPROSTD358836|3,389,992.00
BIS|HEFCE|20/11/2014|HEIF 2011-15 (BIS)|RIS policy team|Uni of Liverpool|GPROSTD361932|213,750.00
BIS|HEFCE|20/11/2014|HEIF 2011-15|RIS policy team|Uni of Liverpool|GPROSTD362823|71,250.00
BIS|HEFCE|20/11/2014|RCIF Round 2|Finance|Uni of London|GPROSTD328269|27,272.00
BIS|HEFCE|20/11/2014|Teaching 14-15|E&P policy team|Uni of London|GPROSTD356829|908,459.00
BIS|HEFCE|20/11/2014|SDF Recurrent|RIS policy team|Uni of Manchester|GPROSTD286600|30,214.00
BIS|HEFCE|20/11/2014|SDF Recurrent|RIS policy team|Uni of Manchester|GPROSTD286746|30,214.00
BIS|HEFCE|20/11/2014|RCIF Round 2|Finance|Uni of Manchester|GPROSTD328276|2,276,034.00
BIS|HEFCE|20/11/2014|UKRPIF|Finance|Uni of Manchester|GPROSTD343343|63,000.00
BIS|HEFCE|20/11/2014|TCIF Round 2|Finance|Uni of Manchester|GPROSTD348245|878,971.00
BIS|HEFCE|20/11/2014|Teaching 14-15|E&P policy team|Uni of Manchester|GPROSTD356937|4,008,917.00
BIS|HEFCE|20/11/2014|Research 14-15|RIS policy team|Uni of Manchester|GPROSTD358944|9,132,431.00
BIS|HEFCE|20/11/2014|HEIF 2011-15 (BIS)|RIS policy team|Uni of Manchester|GPROSTD362022|213,750.00
BIS|HEFCE|20/11/2014|HEIF 2011-15|RIS policy team|Uni of Manchester|GPROSTD362913|71,250.00
BIS|HEFCE|20/11/2014|Museums, Gal & Coll|RIS policy team|Uni of Manchester|GPROSTD363860|172,500.00
BIS|HEFCE|20/11/2014|Teaching 12-13|E&P policy team|Uni of Manchester|GPROSTD366619|969,313.00
BIS|HEFCE|20/11/2014|TCIF Round 2|Finance|Uni of Northampton|GPROSTD348250|248,182.00
BIS|HEFCE|20/11/2014|Teaching 14-15|E&P policy team|Uni of Northampton|GPROSTD357144|594,860.00
BIS|HEFCE|20/11/2014|Research 14-15|RIS policy team|Uni of Northampton|GPROSTD358980|65,954.00
BIS|HEFCE|20/11/2014|HEIF 2011-15 (BIS)|RIS policy team|Uni of Northampton|GPROSTD362049|89,416.00
BIS|HEFCE|20/11/2014|HEIF 2011-15|RIS policy team|Uni of Northampton|GPROSTD362940|29,805.00
BIS|HEFCE|20/11/2014|RCIF Round 2|Finance|Uni of Northumbria|GPROSTD328281|47,920.00
BIS|HEFCE|20/11/2014|TCIF Round 2|Finance|Uni of Northumbria|GPROSTD348251|503,179.00
BIS|HEFCE|20/11/2014|Teaching 14-15|E&P policy team|Uni of Northumbria|GPROSTD357180|1,392,683.00
BIS|HEFCE|20/11/2014|Research 14-15|RIS policy team|Uni of Northumbria|GPROSTD358998|345,786.00
BIS|HEFCE|20/11/2014|HEIF 2011-15 (BIS)|RIS policy team|Uni of Northumbria|GPROSTD362058|93,819.00
BIS|HEFCE|20/11/2014|HEIF 2011-15|RIS policy team|Uni of Northumbria|GPROSTD362949|31,273.00
BIS|HEFCE|20/11/2014|SDF Recurrent|RIS policy team|Uni of Nottingham|GPROSTD305073|30,214.00
BIS|HEFCE|20/11/2014|RCIF Round 2|Finance|Uni of Nottingham|GPROSTD328282|1,189,427.00
BIS|HEFCE|20/11/2014|TCIF Round 2|Finance|Uni of Nottingham|GPROSTD348253|720,270.00
BIS|HEFCE|20/11/2014|Teaching 14-15|E&P policy team|Uni of Nottingham|GPROSTD357243|3,420,125.00
BIS|HEFCE|20/11/2014|Research 14-15|RIS policy team|Uni of Nottingham|GPROSTD359016|5,397,552.00
BIS|HEFCE|20/11/2014|HEIF 2011-15 (BIS)|RIS policy team|Uni of Nottingham|GPROSTD362076|213,750.00
BIS|HEFCE|20/11/2014|HEIF 2011-15|RIS policy team|Uni of Nottingham|GPROSTD362967|71,250.00
BIS|HEFCE|20/11/2014|RCIF Round 2|Finance|Uni of Plymouth|GPROSTD328288|145,966.00
BIS|HEFCE|20/11/2014|TCIF Round 2|Finance|Uni of Plymouth|GPROSTD348259|721,101.00
BIS|HEFCE|20/11/2014|Teaching 14-15|E&P policy team|Uni of Plymouth|GPROSTD357360|2,890,408.00
BIS|HEFCE|20/11/2014|Research 14-15|RIS policy team|Uni of Plymouth|GPROSTD359061|703,880.00
BIS|HEFCE|20/11/2014|HEIF 2011-15 (BIS)|RIS policy team|Uni of Plymouth|GPROSTD362121|112,849.00
BIS|HEFCE|20/11/2014|HEIF 2011-15|RIS policy team|Uni of Plymouth|GPROSTD363012|37,616.00
BIS|HEFCE|20/11/2014|RCIF Round 2|Finance|Uni of Portsmouth|GPROSTD328289|72,856.00
BIS|HEFCE|20/11/2014|TCIF Round 2|Finance|Uni of Portsmouth|GPROSTD348261|554,046.00
BIS|HEFCE|20/11/2014|Teaching 14-15|E&P policy team|Uni of Portsmouth|GPROSTD357378|1,554,810.00
BIS|HEFCE|20/11/2014|Research 14-15|RIS policy team|Uni of Portsmouth|GPROSTD359070|524,399.00
BIS|HEFCE|20/11/2014|HEIF 2011-15 (BIS)|RIS policy team|Uni of Portsmouth|GPROSTD362130|57,984.00
BIS|HEFCE|20/11/2014|RCIF Round 2|Finance|Uni of Reading|GPROSTD328291|415,298.00
BIS|HEFCE|20/11/2014|TCIF Round 2|Finance|Uni of Reading|GPROSTD348298|174,567.00
BIS|HEFCE|20/11/2014|TCIF Round 2|Finance|Uni of Reading|GPROSTD354459|116,378.00
BIS|HEFCE|20/11/2014|RCIF Round 2|Finance|Uni of Reading|GPROSTD354462|166,119.00
BIS|HEFCE|20/11/2014|Teaching 14-15|E&P policy team|Uni of Reading|GPROSTD357414|707,286.00
BIS|HEFCE|20/11/2014|Research 14-15|RIS policy team|Uni of Reading|GPROSTD359088|1,868,634.00
BIS|HEFCE|20/11/2014|HEIF 2011-15 (BIS)|RIS policy team|Uni of Reading|GPROSTD362148|162,837.00
BIS|HEFCE|20/11/2014|HEIF 2011-15|RIS policy team|Uni of Reading|GPROSTD363039|54,279.00
BIS|HEFCE|20/11/2014|Museums, Gal & Coll|RIS policy team|Uni of Reading|GPROSTD363864|25,000.00
BIS|HEFCE|20/11/2014|RCIF Round 2|Finance|Uni of Salford|GPROSTD328299|132,873.00
BIS|HEFCE|20/11/2014|TCIF Round 2|Finance|Uni of Salford|GPROSTD348273|425,276.00
BIS|HEFCE|20/11/2014|Teaching 14-15|E&P policy team|Uni of Salford|GPROSTD357585|1,561,190.00
BIS|HEFCE|20/11/2014|Research 14-15|RIS policy team|Uni of Salford|GPROSTD359178|744,872.00
BIS|HEFCE|20/11/2014|HEIF 2011-15 (BIS)|RIS policy team|Uni of Salford|GPROSTD362202|134,055.00
BIS|HEFCE|20/11/2014|HEIF 2011-15|RIS policy team|Uni of Salford|GPROSTD363093|44,685.00
BIS|HEFCE|20/11/2014|RCIF Round 2|Finance|Uni of Sheffield|GPROSTD328300|1,190,579.00
BIS|HEFCE|20/11/2014|TCIF Round 2|Finance|Uni of Sheffield|GPROSTD348274|612,347.00
BIS|HEFCE|20/11/2014|Teaching 14-15|E&P policy team|Uni of Sheffield|GPROSTD357639|2,769,078.00
BIS|HEFCE|20/11/2014|Research 14-15|RIS policy team|Uni of Sheffield|GPROSTD359196|4,978,139.00
BIS|HEFCE|20/11/2014|HEIF 2011-15 (BIS)|RIS policy team|Uni of Sheffield|GPROSTD362220|213,750.00
BIS|HEFCE|20/11/2014|HEIF 2011-15|RIS policy team|Uni of Sheffield|GPROSTD363111|71,250.00
BIS|HEFCE|20/11/2014|Teaching 12-13|E&P policy team|Uni of Sheffield|GPROSTD366662|570,152.00
BIS|HEFCE|20/11/2014|SDF Recurrent|RIS policy team|Uni of Southampton|GPROSTD310298|30,214.00
BIS|HEFCE|20/11/2014|RCIF Round 2|Finance|Uni of Southampton|GPROSTD328302|1,094,950.00
BIS|HEFCE|20/11/2014|SIVS|E&P policy team|Uni of Southampton|GPROSTD341534|258,386.00
BIS|HEFCE|20/11/2014|TCIF Round 2|Finance|Uni of Southampton|GPROSTD348276|538,251.00
BIS|HEFCE|20/11/2014|Teaching 14-15|E&P policy team|Uni of Southampton|GPROSTD357711|2,128,148.00
BIS|HEFCE|20/11/2014|Research 14-15|RIS policy team|Uni of Southampton|GPROSTD359214|4,887,605.00
BIS|HEFCE|20/11/2014|HEIF 2011-15 (BIS)|RIS policy team|Uni of Southampton|GPROSTD362238|213,750.00
BIS|HEFCE|20/11/2014|HEIF 2011-15|RIS policy team|Uni of Southampton|GPROSTD363129|71,250.00
BIS|HEFCE|20/11/2014|RCIF Round 2|Finance|Uni of Sunderland|GPROSTD328304|34,786.00
BIS|HEFCE|20/11/2014|TCIF Round 2|Finance|Uni of Sunderland|GPROSTD348278|336,464.00
BIS|HEFCE|20/11/2014|Teaching 14-15|E&P policy team|Uni of Sunderland|GPROSTD357909|675,687.00
BIS|HEFCE|20/11/2014|Research 14-15|RIS policy team|Uni of Sunderland|GPROSTD359259|213,202.00
BIS|HEFCE|20/11/2014|HEIF 2011-15 (BIS)|RIS policy team|Uni of Sunderland|GPROSTD362265|77,542.00
BIS|HEFCE|20/11/2014|HEIF 2011-15|RIS policy team|Uni of Sunderland|GPROSTD363156|25,847.00
BIS|HEFCE|20/11/2014|RCIF Round 2|Finance|Uni of Warwick|GPROSTD328309|842,954.00
BIS|HEFCE|20/11/2014|TCIF Round 2|Finance|Uni of Warwick|GPROSTD348283|432,573.00
BIS|HEFCE|20/11/2014|Teaching 14-15|E&P policy team|Uni of Warwick|GPROSTD358071|1,533,689.00
BIS|HEFCE|20/11/2014|Research 14-15|RIS policy team|Uni of Warwick|GPROSTD359322|3,719,617.00
BIS|HEFCE|20/11/2014|HEIF 2011-15 (BIS)|RIS policy team|Uni of Warwick|GPROSTD362319|213,750.00
BIS|HEFCE|20/11/2014|HEIF 2011-15|RIS policy team|Uni of Warwick|GPROSTD363210|71,250.00
BIS|HEFCE|20/11/2014|TCIF Round 2|Finance|Uni of West London|GPROSTD348301|184,316.00
BIS|HEFCE|20/11/2014|Teaching 14-15|E&P policy team|Uni of West London|GPROSTD357981|545,155.00
BIS|HEFCE|20/11/2014|Research 14-15|RIS policy team|Uni of West London|GPROSTD359295|51,995.00
BIS|HEFCE|20/11/2014|HEIF 2011-15 (BIS)|RIS policy team|Uni of West London|GPROSTD362301|46,255.00
BIS|HEFCE|20/11/2014|Teaching 12-13|E&P policy team|Uni of West London|GPROSTD366680|44,519.00
BIS|HEFCE|20/11/2014|RCIF Round 2|Finance|Uni of Westminster|GPROSTD328312|74,331.00
BIS|HEFCE|20/11/2014|Inherited Staff|Finance|Uni of Westminster|GPROSTD347847|99,543.00
BIS|HEFCE|20/11/2014|TCIF Round 2|Finance|Uni of Westminster|GPROSTD348285|456,657.00
BIS|HEFCE|20/11/2014|Teaching 14-15|E&P policy team|Uni of Westminster|GPROSTD358116|1,518,083.00
BIS|HEFCE|20/11/2014|Research 14-15|RIS policy team|Uni of Westminster|GPROSTD359340|447,162.00
BIS|HEFCE|20/11/2014|HEIF 2011-15 (BIS)|RIS policy team|Uni of Westminster|GPROSTD362337|93,774.00
BIS|HEFCE|20/11/2014|HEIF 2011-15|RIS policy team|Uni of Westminster|GPROSTD363228|31,258.00
BIS|HEFCE|20/11/2014|TCIF Round 2|Finance|Uni of Winchester|GPROSTD348286|137,357.00
BIS|HEFCE|20/11/2014|Teaching 14-15|E&P policy team|Uni of Winchester|GPROSTD358197|188,718.00
BIS|HEFCE|20/11/2014|Research 14-15|RIS policy team|Uni of Winchester|GPROSTD359349|69,640.00
BIS|HEFCE|20/11/2014|RCIF Round 2|Finance|Uni of Wolverhampton|GPROSTD328314|37,769.00
BIS|HEFCE|20/11/2014|TCIF Round 2|Finance|Uni of Wolverhampton|GPROSTD348287|440,298.00
BIS|HEFCE|20/11/2014|Teaching 14-15|E&P policy team|Uni of Wolverhampton|GPROSTD358215|1,205,741.00
BIS|HEFCE|20/11/2014|Research 14-15|RIS policy team|Uni of Wolverhampton|GPROSTD359358|198,048.00
BIS|HEFCE|20/11/2014|HEIF 2011-15 (BIS)|RIS policy team|Uni of Wolverhampton|GPROSTD362346|156,532.00
BIS|HEFCE|20/11/2014|HEIF 2011-15|RIS policy team|Uni of Wolverhampton|GPROSTD363237|52,177.00
BIS|HEFCE|20/11/2014|PSS|E&P policy team|Uni of Worcester|GPROSTD346864|101,667.00
BIS|HEFCE|20/11/2014|TCIF Round 2|Finance|Uni of Worcester|GPROSTD348288|218,281.00
BIS|HEFCE|20/11/2014|Teaching 14-15|E&P policy team|Uni of Worcester|GPROSTD358242|466,135.00
BIS|HEFCE|20/11/2014|TCIF Round 2|Finance|Uni StMark & StJohn|GPROSTD348260|64,934.00
BIS|HEFCE|20/11/2014|Teaching 14-15|E&P policy team|Uni StMark & StJohn|GPROSTD357864|81,258.00
BIS|HEFCE|20/11/2014|RCIF Round 2|Finance|University of Bath|GPROSTD328215|412,852.00
BIS|HEFCE|20/11/2014|TCIF Round 2|Finance|University of Bath|GPROSTD348178|342,067.00
BIS|HEFCE|20/11/2014|Teaching 14-15|E&P policy team|University of Bath|GPROSTD355380|1,335,157.00
BIS|HEFCE|20/11/2014|Research 14-15|RIS policy team|University of Bath|GPROSTD358332|1,861,216.00
BIS|HEFCE|20/11/2014|HEIF 2011-15 (BIS)|RIS policy team|University of Bath|GPROSTD361491|178,208.00
BIS|HEFCE|20/11/2014|HEIF 2011-15|RIS policy team|University of Bath|GPROSTD362382|59,403.00
BIS|HEFCE|20/11/2014|TCIF Round 2|Finance|University of Bolton|GPROSTD348186|173,399.00
BIS|HEFCE|20/11/2014|Teaching 14-15|E&P policy team|University of Bolton|GPROSTD355533|495,958.00
BIS|HEFCE|20/11/2014|Research 14-15|RIS policy team|University of Bolton|GPROSTD358368|62,655.00
BIS|HEFCE|20/11/2014|TCIF Round 2|Finance|University of Derby|GPROSTD348205|347,376.00
BIS|HEFCE|20/11/2014|Teaching 14-15|E&P policy team|University of Derby|GPROSTD356055|1,078,548.00
BIS|HEFCE|20/11/2014|Research 14-15|RIS policy team|University of Derby|GPROSTD358566|43,300.00
BIS|HEFCE|20/11/2014|HEIF 2011-15 (BIS)|RIS policy team|University of Derby|GPROSTD361689|50,586.00
BIS|HEFCE|20/11/2014|RCIF Round 2|Finance|University of Durham|GPROSTD328241|595,356.00
BIS|HEFCE|20/11/2014|TCIF Round 2|Finance|University of Durham|GPROSTD348206|391,112.00
BIS|HEFCE|20/11/2014|Teaching 14-15|E&P policy team|University of Durham|GPROSTD356091|882,861.00
BIS|HEFCE|20/11/2014|Research 14-15|RIS policy team|University of Durham|GPROSTD358575|2,746,349.00
BIS|HEFCE|20/11/2014|HEIF 2011-15 (BIS)|RIS policy team|University of Durham|GPROSTD361698|213,750.00
BIS|HEFCE|20/11/2014|HEIF 2011-15|RIS policy team|University of Durham|GPROSTD362589|71,250.00
BIS|HEFCE|20/11/2014|RCIF Round 2|Finance|University of Essex|GPROSTD328246|225,884.00
BIS|HEFCE|20/11/2014|TCIF Round 2|Finance|University of Essex|GPROSTD348211|270,882.00
BIS|HEFCE|20/11/2014|Teaching 14-15|E&P policy team|University of Essex|GPROSTD356181|781,955.00
BIS|HEFCE|20/11/2014|Research 14-15|RIS policy team|University of Essex|GPROSTD358620|1,000,013.00
BIS|HEFCE|20/11/2014|HEIF 2011-15 (BIS)|RIS policy team|University of Essex|GPROSTD361734|55,579.00
BIS|HEFCE|20/11/2014|RCIF Round 2|Finance|University of Exeter|GPROSTD328247|392,129.00
BIS|HEFCE|20/11/2014|TCIF Round 2|Finance|University of Exeter|GPROSTD348212|414,940.00
BIS|HEFCE|20/11/2014|Teaching 14-15|E&P policy team|University of Exeter|GPROSTD356208|1,340,084.00
BIS|HEFCE|20/11/2014|Research 14-15|RIS policy team|University of Exeter|GPROSTD358629|2,096,404.00
BIS|HEFCE|20/11/2014|HEIF 2011-15 (BIS)|RIS policy team|University of Exeter|GPROSTD361743|201,444.00
BIS|HEFCE|20/11/2014|HEIF 2011-15|RIS policy team|University of Exeter|GPROSTD362634|67,148.00
BIS|HEFCE|20/11/2014|RCIF Round 2|Finance|University of Hull|GPROSTD328255|126,618.00
BIS|HEFCE|20/11/2014|TCIF Round 2|Finance|University of Hull|GPROSTD348222|389,956.00
BIS|HEFCE|20/11/2014|Teaching 14-15|E&P policy team|University of Hull|GPROSTD356532|1,202,222.00
BIS|HEFCE|20/11/2014|Research 14-15|RIS policy team|University of Hull|GPROSTD358719|851,217.00
BIS|HEFCE|20/11/2014|HEIF 2011-15 (BIS)|RIS policy team|University of Hull|GPROSTD361815|147,113.00
BIS|HEFCE|20/11/2014|HEIF 2011-15|RIS policy team|University of Hull|GPROSTD362706|49,038.00
BIS|HEFCE|20/11/2014|Teaching 12-13|E&P policy team|University of Hull|GPROSTD366590|592,697.00
BIS|HEFCE|20/11/2014|RCIF Round 2|Finance|University of Keele|GPROSTD328257|127,497.00
BIS|HEFCE|20/11/2014|TCIF Round 2|Finance|University of Keele|GPROSTD348224|237,434.00
BIS|HEFCE|20/11/2014|Teaching 14-15|E&P policy team|University of Keele|GPROSTD356559|878,425.00
BIS|HEFCE|20/11/2014|Research 14-15|RIS policy team|University of Keele|GPROSTD358737|692,216.00
BIS|HEFCE|20/11/2014|HEIF 2011-15 (BIS)|RIS policy team|University of Keele|GPROSTD361833|56,052.00
BIS|HEFCE|20/11/2014|RCIF Round 2|Finance|University of Kent|GPROSTD328258|214,192.00
BIS|HEFCE|20/11/2014|TCIF Round 2|Finance|University of Kent|GPROSTD348225|452,933.00
BIS|HEFCE|20/11/2014|Teaching 14-15|E&P policy team|University of Kent|GPROSTD356568|1,299,919.00
BIS|HEFCE|20/11/2014|Research 14-15|RIS policy team|University of Kent|GPROSTD358746|1,206,697.00
BIS|HEFCE|20/11/2014|HEIF 2011-15 (BIS)|RIS policy team|University of Kent|GPROSTD361842|65,959.00
BIS|HEFCE|20/11/2014|HEAT|E&P policy team|University of Kent|GPROSTD363294|116,871.00
BIS|HEFCE|20/11/2014|Teaching 12-13|E&P policy team|University of Kent|GPROSTD366593|476,015.00
BIS|HEFCE|20/11/2014|RCIF Round 2|Finance|University of Leeds|GPROSTD328262|1,260,739.00
BIS|HEFCE|20/11/2014|TCIF Round 2|Finance|University of Leeds|GPROSTD348229|812,023.00
BIS|HEFCE|20/11/2014|Teaching 14-15|E&P policy team|University of Leeds|GPROSTD356712|3,288,606.00
BIS|HEFCE|20/11/2014|Research 14-15|RIS policy team|University of Leeds|GPROSTD358782|5,283,966.00
BIS|HEFCE|20/11/2014|HEIF 2011-15 (BIS)|RIS policy team|University of Leeds|GPROSTD361878|213,750.00
BIS|HEFCE|20/11/2014|HEIF 2011-15|RIS policy team|University of Leeds|GPROSTD362769|71,250.00
BIS|HEFCE|20/11/2014|Teaching 12-13|E&P policy team|University of Leeds|GPROSTD366599|49,886.00
BIS|HEFCE|20/11/2014|SDF Recurrent|RIS policy team|University of Oxford|GPROSTD310318|31,045.00
BIS|HEFCE|20/11/2014|SDF Recurrent|RIS policy team|University of Oxford|GPROSTD312863|30,214.00
BIS|HEFCE|20/11/2014|SDF Recurrent|RIS policy team|University of Oxford|GPROSTD327525|30,214.00
BIS|HEFCE|20/11/2014|RCIF Round 2|Finance|University of Oxford|GPROSTD328286|3,243,953.00
BIS|HEFCE|20/11/2014|UKRPIF|Finance|University of Oxford|GPROSTD346785|546,500.00
BIS|HEFCE|20/11/2014|TCIF Round 2|Finance|University of Oxford|GPROSTD348257|472,508.00
BIS|HEFCE|20/11/2014|Teaching 14-15|E&P policy team|University of Oxford|GPROSTD357288|2,277,749.00
BIS|HEFCE|20/11/2014|Research 14-15|RIS policy team|University of Oxford|GPROSTD359043|15,033,715.00
BIS|HEFCE|20/11/2014|HEIF 2011-15 (BIS)|RIS policy team|University of Oxford|GPROSTD362103|213,750.00
BIS|HEFCE|20/11/2014|HEIF 2011-15|RIS policy team|University of Oxford|GPROSTD362994|71,250.00
BIS|HEFCE|20/11/2014|Museums, Gal & Coll|RIS policy team|University of Oxford|GPROSTD363863|279,583.00
BIS|HEFCE|20/11/2014|RCIF Round 2|Finance|University of Surrey|GPROSTD328305|345,958.00
BIS|HEFCE|20/11/2014|TCIF Round 2|Finance|University of Surrey|GPROSTD348279|246,985.00
BIS|HEFCE|20/11/2014|Teaching 14-15|E&P policy team|University of Surrey|GPROSTD357918|864,602.00
BIS|HEFCE|20/11/2014|Research 14-15|RIS policy team|University of Surrey|GPROSTD359268|1,638,954.00
BIS|HEFCE|20/11/2014|HEIF 2011-15 (BIS)|RIS policy team|University of Surrey|GPROSTD362274|213,750.00
BIS|HEFCE|20/11/2014|HEIF 2011-15|RIS policy team|University of Surrey|GPROSTD363165|71,250.00
BIS|HEFCE|20/11/2014|Teaching 12-13|E&P policy team|University of Surrey|GPROSTD366677|39,503.00
BIS|HEFCE|20/11/2014|RCIF Round 2|Finance|University of Sussex|GPROSTD328306|398,380.00
BIS|HEFCE|20/11/2014|Catalyst Fund  (R)|RIS policy team|University of Sussex|GPROSTD346657|125,100.00
BIS|HEFCE|20/11/2014|TCIF Round 2|Finance|University of Sussex|GPROSTD348280|283,569.00
BIS|HEFCE|20/11/2014|Teaching 14-15|E&P policy team|University of Sussex|GPROSTD357927|778,852.00
BIS|HEFCE|20/11/2014|Research 14-15|RIS policy team|University of Sussex|GPROSTD359277|1,647,490.00
BIS|HEFCE|20/11/2014|HEIF 2011-15 (BIS)|RIS policy team|University of Sussex|GPROSTD362283|139,473.00
BIS|HEFCE|20/11/2014|HEIF 2011-15|RIS policy team|University of Sussex|GPROSTD363174|46,491.00
BIS|HEFCE|20/11/2014|RCIF Round 2|Finance|University of York|GPROSTD328316|617,163.00
BIS|HEFCE|20/11/2014|TCIF Round 2|Finance|University of York|GPROSTD348289|346,381.00
BIS|HEFCE|20/11/2014|Teaching 14-15|E&P policy team|University of York|GPROSTD358269|1,002,368.00
BIS|HEFCE|20/11/2014|Research 14-15|RIS policy team|University of York|GPROSTD359376|2,650,805.00
BIS|HEFCE|20/11/2014|HEIF 2011-15 (BIS)|RIS policy team|University of York|GPROSTD362355|213,750.00
BIS|HEFCE|20/11/2014|HEIF 2011-15|RIS policy team|University of York|GPROSTD363246|71,250.00
BIS|HEFCE|20/11/2014|Teaching 12-13|E&P policy team|University of York|GPROSTD366696|234,403.00
BIS|HEFCE|20/11/2014|RCIF Round 2|Finance|Uni West of England|GPROSTD328310|115,183.00
BIS|HEFCE|20/11/2014|TCIF Round 2|Finance|Uni West of England|GPROSTD348284|591,093.00
BIS|HEFCE|20/11/2014|Teaching 14-15|E&P policy team|Uni West of England|GPROSTD358098|1,277,574.00
BIS|HEFCE|20/11/2014|Research 14-15|RIS policy team|Uni West of England|GPROSTD359331|489,256.00
BIS|HEFCE|20/11/2014|HEIF 2011-15 (BIS)|RIS policy team|Uni West of England|GPROSTD362328|88,625.00
BIS|HEFCE|20/11/2014|HEIF 2011-15|RIS policy team|Uni West of England|GPROSTD363219|29,542.00
BIS|HEFCE|20/11/2014|Teaching 12-13|E&P policy team|Uni West of England|GPROSTD366685|396,836.00
BIS|HEFCE|20/11/2014|Teaching 13-14|E&P policy team|Uni West of England|GPROSTD366716|237,248.00
BIS|HEFCE|20/11/2014|Teaching 14-15|E&P policy team|Wakefield College|GPROSTD358044|40,208.00
BIS|HEFCE|20/11/2014|Inherited Staff|Finance|Wakefield LEA|GPROSTD347817|45,174.00
BIS|HEFCE|20/11/2014|Inherited Staff|Finance|Walsall LEA|GPROSTD347818|93,853.00
BIS|HEFCE|20/11/2014|Capital for FECs|E&P policy team|Warwickshire College|GPROSTD354866|27,384.00
BIS|HEFCE|20/11/2014|Teaching 14-15|E&P policy team|Warwickshire College|GPROSTD358080|148,322.00
BIS|HEFCE|20/11/2014|Teaching 14-15|E&P policy team|West Notts College|GPROSTD358125|50,704.00
BIS|HEFCE|20/11/2014|Teaching 14-15|E&P policy team|West Thames Col|GPROSTD358134|27,746.00
BIS|HEFCE|20/11/2014|Teaching 14-15|E&P policy team|Wigan & Leigh Coll|GPROSTD358179|72,505.00
BIS|HEFCE|20/11/2014|Teaching 14-15|E&P policy team|Wiltshire College|GPROSTD358188|57,807.00
BIS|HEFCE|20/11/2014|Teaching 12-13|E&P policy team|Wiltshire College|GPROSTD366691|140,420.00
BIS|HEFCE|20/11/2014|Inherited Staff|Finance|Windsor LEA|GPROSTD347824|28,712.00
BIS|HEFCE|20/11/2014|Teaching 14-15|E&P policy team|Wirral Met College|GPROSTD358206|36,822.00
BIS|HEFCE|20/11/2014|Inherited Staff|Finance|Wolv'ton LEA|GPROSTD347825|254,154.00
BIS|HEFCE|20/11/2014|Inherited Staff|Finance|Worcester CC|GPROSTD347826|68,531.00
BIS|HEFCE|20/11/2014|TCIF Round 2|Finance|Writtle College|GPROSTD348302|42,708.00
BIS|HEFCE|20/11/2014|Teaching 14-15|E&P policy team|Writtle College|GPROSTD358251|113,546.00
BIS|HEFCE|20/11/2014|Teaching 14-15|E&P policy team|Yeovil College|GPROSTD364538|260,861.00
BIS|HEFCE|20/11/2014|Teaching 14-15|E&P policy team|York College|GPROSTD358287|40,865.00
BIS|HEFCE|20/11/2014|TCIF Round 2|Finance|York St John Uni|GPROSTD348290|119,190.00
BIS|HEFCE|20/11/2014|Teaching 14-15|E&P policy team|York St John Uni|GPROSTD358278|167,676.00
BIS|HEFCE|21/11/2014|PD - research|R,,E & KE|Green Templeton Coll|PIC693|27,324.29
BIS|HEFCE|21/11/2014|PD - research|Institutions|KPMG Llp|PIC695|47,025.60
BIS|HEFCE|28/11/2014|Revolving Green Fund|RIS policy team|London Met Uni|GPROSTD366738|150,000.00
BIS|HEFCE|28/11/2014|CLL|E&P policy team|Rand Europe Ltd|PIG13488|26,139.47
